frame_index,sequence_group,image_path,actual_steering_angle,predicted_steering_angle,error,absolute_error,lane_change_detected
3,jungle_test_contiguous,complete_dataset/self_driving_car_dataset_jungle/IMG/center_2022_04_10_12_44_41_833.jpg,0.25,0.4374444782733917,0.18744447827339172,0.18744447827339172,0
4,jungle_test_contiguous,complete_dataset/self_driving_car_dataset_jungle/IMG/center_2022_04_10_12_44_41_905.jpg,0.45,0.6475539207458496,0.1975539207458496,0.1975539207458496,0
5,jungle_test_contiguous,complete_dataset/self_driving_car_dataset_jungle/IMG/center_2022_04_10_12_44_41_975.jpg,0.6000001,0.8160321712493896,0.2160320712493896,0.2160320712493896,0
6,jungle_test_contiguous,complete_dataset/self_driving_car_dataset_jungle/IMG/center_2022_04_10_12_44_42_044.jpg,0.8000001,0.8277550339698792,0.02775493396987916,0.02775493396987916,0
7,jungle_test_contiguous,complete_dataset/self_driving_car_dataset_jungle/IMG/center_2022_04_10_12_44_42_112.jpg,0.9500002,0.7771406769752502,-0.17285952302474972,0.17285952302474972,1
8,jungle_test_contiguous,complete_dataset/self_driving_car_dataset_jungle/IMG/center_2022_04_10_12_44_42_182.jpg,0.0,0.3818679749965668,0.3818679749965668,0.3818679749965668,1
9,jungle_test_contiguous,complete_dataset/self_driving_car_dataset_jungle/IMG/center_2022_04_10_12_44_42_250.jpg,0.15,0.16731977462768555,0.017319774627685552,0.017319774627685552,1
10,jungle_test_contiguous,complete_dataset/self_driving_car_dataset_jungle/IMG/center_2022_04_10_12_44_42_321.jpg,0.35,0.2324351668357849,-0.11756483316421507,0.11756483316421507,1
11,jungle_test_contiguous,complete_dataset/self_driving_car_dataset_jungle/IMG/center_2022_04_10_12_44_42_391.jpg,0.5000001,0.2937636077404022,-0.20623649225959773,0.20623649225959773,1
12,jungle_test_contiguous,complete_dataset/self_driving_car_dataset_jungle/IMG/center_2022_04_10_12_44_42_460.jpg,0.7,0.25626516342163086,-0.4437348365783691,0.4437348365783691,1
13,jungle_test_contiguous,complete_dataset/self_driving_car_dataset_jungle/IMG/center_2022_04_10_12_44_42_528.jpg,0.8500001,0.23896215856075287,-0.6110379414392472,0.6110379414392472,1
14,jungle_test_contiguous,complete_dataset/self_driving_car_dataset_jungle/IMG/center_2022_04_10_12_44_42_599.jpg,1.0,0.6967840790748596,-0.3032159209251404,0.3032159209251404,1
15,jungle_test_contiguous,complete_dataset/self_driving_car_dataset_jungle/IMG/center_2022_04_10_12_44_42_665.jpg,1.0,0.9306524991989136,-0.06934750080108643,0.06934750080108643,1
16,jungle_test_contiguous,complete_dataset/self_driving_car_dataset_jungle/IMG/center_2022_04_10_12_44_42_734.jpg,1.0,0.9526612758636475,-0.04733872413635254,0.04733872413635254,1
17,jungle_test_contiguous,complete_dataset/self_driving_car_dataset_jungle/IMG/center_2022_04_10_12_44_42_803.jpg,0.0,0.93094402551651,0.93094402551651,0.93094402551651,1
18,jungle_test_contiguous,complete_dataset/self_driving_car_dataset_jungle/IMG/center_2022_04_10_12_44_42_873.jpg,-0.1,0.8764427304267883,0.9764427304267883,0.9764427304267883,1
19,jungle_test_contiguous,complete_dataset/self_driving_car_dataset_jungle/IMG/center_2022_04_10_12_44_42_942.jpg,-0.3,0.46032848954200745,0.7603284895420075,0.7603284895420075,1
20,jungle_test_contiguous,complete_dataset/self_driving_car_dataset_jungle/IMG/center_2022_04_10_12_44_43_012.jpg,-0.45,0.05223468318581581,0.5022346831858158,0.5022346831858158,1
21,jungle_test_contiguous,complete_dataset/self_driving_car_dataset_jungle/IMG/center_2022_04_10_12_44_43_082.jpg,-0.6500001,0.05094568431377411,0.7009457843137741,0.7009457843137741,1
22,jungle_test_contiguous,complete_dataset/self_driving_car_dataset_jungle/IMG/center_2022_04_10_12_44_43_150.jpg,-0.8000001,-0.011603210121393204,0.7883968898786068,0.7883968898786068,1
23,jungle_test_contiguous,complete_dataset/self_driving_car_dataset_jungle/IMG/center_2022_04_10_12_44_43_218.jpg,-1.0,-0.014930382370948792,0.9850696176290512,0.9850696176290512,1
24,jungle_test_contiguous,complete_dataset/self_driving_car_dataset_jungle/IMG/center_2022_04_10_12_44_43_285.jpg,-1.0,-0.2955276668071747,0.7044723331928253,0.7044723331928253,1
25,jungle_test_contiguous,complete_dataset/self_driving_car_dataset_jungle/IMG/center_2022_04_10_12_44_43_355.jpg,-1.0,-0.5198176503181458,0.48018234968185425,0.48018234968185425,1
26,jungle_test_contiguous,complete_dataset/self_driving_car_dataset_jungle/IMG/center_2022_04_10_12_44_43_423.jpg,-1.0,-0.49256354570388794,0.5074364542961121,0.5074364542961121,1
27,jungle_test_contiguous,complete_dataset/self_driving_car_dataset_jungle/IMG/center_2022_04_10_12_44_43_491.jpg,-1.0,-0.3164382576942444,0.6835617423057556,0.6835617423057556,1
28,jungle_test_contiguous,complete_dataset/self_driving_car_dataset_jungle/IMG/center_2022_04_10_12_44_43_561.jpg,-1.0,-0.05052199587225914,0.9494780041277409,0.9494780041277409,1
29,jungle_test_contiguous,complete_dataset/self_driving_car_dataset_jungle/IMG/center_2022_04_10_12_44_43_631.jpg,0.0,-0.03554440662264824,-0.03554440662264824,0.03554440662264824,1
30,jungle_test_contiguous,complete_dataset/self_driving_car_dataset_jungle/IMG/center_2022_04_10_12_44_43_701.jpg,0.0,-0.08477815985679626,-0.08477815985679626,0.08477815985679626,1
31,jungle_test_contiguous,complete_dataset/self_driving_car_dataset_jungle/IMG/center_2022_04_10_12_44_43_768.jpg,0.0,-0.10254187881946564,-0.10254187881946564,0.10254187881946564,1
32,jungle_test_contiguous,complete_dataset/self_driving_car_dataset_jungle/IMG/center_2022_04_10_12_44_43_837.jpg,0.15,-0.1609034389257431,-0.3109034389257431,0.3109034389257431,1
33,jungle_test_contiguous,complete_dataset/self_driving_car_dataset_jungle/IMG/center_2022_04_10_12_44_43_908.jpg,0.2,-0.38238975405693054,-0.5823897540569305,0.5823897540569305,1
34,jungle_test_contiguous,complete_dataset/self_driving_car_dataset_jungle/IMG/center_2022_04_10_12_44_43_979.jpg,7.450581e-09,-0.5695015788078308,-0.5695015862584119,0.5695015862584119,1
35,jungle_test_contiguous,complete_dataset/self_driving_car_dataset_jungle/IMG/center_2022_04_10_12_44_44_046.jpg,-0.15,-0.7102593779563904,-0.5602593779563904,0.5602593779563904,1
36,jungle_test_contiguous,complete_dataset/self_driving_car_dataset_jungle/IMG/center_2022_04_10_12_44_44_118.jpg,-0.35,-0.8530251383781433,-0.5030251383781433,0.5030251383781433,1
37,jungle_test_contiguous,complete_dataset/self_driving_car_dataset_jungle/IMG/center_2022_04_10_12_44_44_189.jpg,-0.5,-0.8776907324790955,-0.37769073247909546,0.37769073247909546,1
38,jungle_test_contiguous,complete_dataset/self_driving_car_dataset_jungle/IMG/center_2022_04_10_12_44_44_259.jpg,-0.7,-0.7551701068878174,-0.05517010688781743,0.05517010688781743,1
39,jungle_test_contiguous,complete_dataset/self_driving_car_dataset_jungle/IMG/center_2022_04_10_12_44_44_326.jpg,-0.8500001,-0.7634179592132568,0.0865821407867432,0.0865821407867432,1
40,jungle_test_contiguous,complete_dataset/self_driving_car_dataset_jungle/IMG/center_2022_04_10_12_44_44_396.jpg,-1.0,-0.6893256902694702,0.3106743097305298,0.3106743097305298,1
41,jungle_test_contiguous,complete_dataset/self_driving_car_dataset_jungle/IMG/center_2022_04_10_12_44_44_464.jpg,-1.0,-0.6646614074707031,0.3353385925292969,0.3353385925292969,0
42,jungle_test_contiguous,complete_dataset/self_driving_car_dataset_jungle/IMG/center_2022_04_10_12_44_44_535.jpg,-1.0,-0.7979922294616699,0.20200777053833008,0.20200777053833008,0
43,jungle_test_contiguous,complete_dataset/self_driving_car_dataset_jungle/IMG/center_2022_04_10_12_44_44_603.jpg,-1.0,-0.7263259887695312,0.27367401123046875,0.27367401123046875,0
44,jungle_test_contiguous,complete_dataset/self_driving_car_dataset_jungle/IMG/center_2022_04_10_12_44_44_675.jpg,-1.0,-0.48577648401260376,0.5142235159873962,0.5142235159873962,1
45,jungle_test_contiguous,complete_dataset/self_driving_car_dataset_jungle/IMG/center_2022_04_10_12_44_44_744.jpg,-1.0,-0.3399677872657776,0.6600322127342224,0.6600322127342224,1
46,jungle_test_contiguous,complete_dataset/self_driving_car_dataset_jungle/IMG/center_2022_04_10_12_44_44_812.jpg,-1.0,-0.17735810577869415,0.8226418942213058,0.8226418942213058,1
47,jungle_test_contiguous,complete_dataset/self_driving_car_dataset_jungle/IMG/center_2022_04_10_12_44_44_880.jpg,-1.0,-0.6888659596443176,0.3111340403556824,0.3111340403556824,1
48,jungle_test_contiguous,complete_dataset/self_driving_car_dataset_jungle/IMG/center_2022_04_10_12_44_44_951.jpg,-1.0,-0.9345043897628784,0.06549561023712158,0.06549561023712158,1
49,jungle_test_contiguous,complete_dataset/self_driving_car_dataset_jungle/IMG/center_2022_04_10_12_44_45_022.jpg,-1.0,-0.9489753246307373,0.051024675369262695,0.051024675369262695,1
50,jungle_test_contiguous,complete_dataset/self_driving_car_dataset_jungle/IMG/center_2022_04_10_12_44_45_092.jpg,-1.0,-0.9256813526153564,0.07431864738464355,0.07431864738464355,1
51,jungle_test_contiguous,complete_dataset/self_driving_car_dataset_jungle/IMG/center_2022_04_10_12_44_45_163.jpg,0.05,-0.27214938402175903,-0.322149384021759,0.322149384021759,1
52,jungle_test_contiguous,complete_dataset/self_driving_car_dataset_jungle/IMG/center_2022_04_10_12_44_45_234.jpg,0.2,0.039033398032188416,-0.1609666019678116,0.1609666019678116,1
53,jungle_test_contiguous,complete_dataset/self_driving_car_dataset_jungle/IMG/center_2022_04_10_12_44_45_303.jpg,0.4,0.13686896860599518,-0.26313103139400484,0.26313103139400484,1
54,jungle_test_contiguous,complete_dataset/self_driving_car_dataset_jungle/IMG/center_2022_04_10_12_44_45_374.jpg,0.5500001,0.19548995792865753,-0.35451014207134246,0.35451014207134246,1
55,jungle_test_contiguous,complete_dataset/self_driving_car_dataset_jungle/IMG/center_2022_04_10_12_44_45_447.jpg,0.7500002,0.2704516649246216,-0.4795485350753784,0.4795485350753784,1
56,jungle_test_contiguous,complete_dataset/self_driving_car_dataset_jungle/IMG/center_2022_04_10_12_44_45_519.jpg,0.9500002,0.6147207617759705,-0.3352794382240295,0.3352794382240295,1
57,jungle_test_contiguous,complete_dataset/self_driving_car_dataset_jungle/IMG/center_2022_04_10_12_44_45_587.jpg,1.0,0.7080717086791992,-0.2919282913208008,0.2919282913208008,1
58,jungle_test_contiguous,complete_dataset/self_driving_car_dataset_jungle/IMG/center_2022_04_10_12_44_45_655.jpg,1.0,0.6360392570495605,-0.36396074295043945,0.36396074295043945,1
59,jungle_test_contiguous,complete_dataset/self_driving_car_dataset_jungle/IMG/center_2022_04_10_12_44_45_728.jpg,1.0,0.7497234344482422,-0.2502765655517578,0.2502765655517578,1
60,jungle_test_contiguous,complete_dataset/self_driving_car_dataset_jungle/IMG/center_2022_04_10_12_44_45_799.jpg,1.0,0.46612638235092163,-0.5338736176490784,0.5338736176490784,1
61,jungle_test_contiguous,complete_dataset/self_driving_car_dataset_jungle/IMG/center_2022_04_10_12_44_45_869.jpg,-0.05,0.11971549689769745,0.16971549689769744,0.16971549689769744,1
62,jungle_test_contiguous,complete_dataset/self_driving_car_dataset_jungle/IMG/center_2022_04_10_12_44_45_939.jpg,-0.25,-0.032769594341516495,0.2172304056584835,0.2172304056584835,1
63,jungle_test_contiguous,complete_dataset/self_driving_car_dataset_jungle/IMG/center_2022_04_10_12_44_46_011.jpg,-0.4,-0.039262011647224426,0.3607379883527756,0.3607379883527756,1
64,jungle_test_contiguous,complete_dataset/self_driving_car_dataset_jungle/IMG/center_2022_04_10_12_44_46_080.jpg,-0.6000001,-0.11362148076295853,0.4863786192370415,0.4863786192370415,1
65,jungle_test_contiguous,complete_dataset/self_driving_car_dataset_jungle/IMG/center_2022_04_10_12_44_46_151.jpg,-0.7500002,-0.10683909803628922,0.6431611019637108,0.6431611019637108,1
66,jungle_test_contiguous,complete_dataset/self_driving_car_dataset_jungle/IMG/center_2022_04_10_12_44_46_220.jpg,-0.9500002,-0.19993390142917633,0.7500662985708236,0.7500662985708236,1
67,jungle_test_contiguous,complete_dataset/self_driving_car_dataset_jungle/IMG/center_2022_04_10_12_44_46_289.jpg,-1.0,-0.27233219146728516,0.7276678085327148,0.7276678085327148,1
68,jungle_test_contiguous,complete_dataset/self_driving_car_dataset_jungle/IMG/center_2022_04_10_12_44_46_360.jpg,-1.0,-0.4615825414657593,0.5384174585342407,0.5384174585342407,1
69,jungle_test_contiguous,complete_dataset/self_driving_car_dataset_jungle/IMG/center_2022_04_10_12_44_46_431.jpg,0.0,-0.4249657392501831,-0.4249657392501831,0.4249657392501831,1
70,jungle_test_contiguous,complete_dataset/self_driving_car_dataset_jungle/IMG/center_2022_04_10_12_44_46_498.jpg,0.0,-0.18684548139572144,-0.18684548139572144,0.18684548139572144,1
71,jungle_test_contiguous,complete_dataset/self_driving_car_dataset_jungle/IMG/center_2022_04_10_12_44_46_569.jpg,-0.1,-0.22858700156211853,-0.12858700156211852,0.12858700156211852,1
72,jungle_test_contiguous,complete_dataset/self_driving_car_dataset_jungle/IMG/center_2022_04_10_12_44_46_635.jpg,-0.25,-0.21591077744960785,0.03408922255039215,0.03408922255039215,1
73,jungle_test_contiguous,complete_dataset/self_driving_car_dataset_jungle/IMG/center_2022_04_10_12_44_46_706.jpg,0.0,-0.5037484169006348,-0.5037484169006348,0.5037484169006348,1
74,jungle_test_contiguous,complete_dataset/self_driving_car_dataset_jungle/IMG/center_2022_04_10_12_44_46_775.jpg,0.0,-0.46019113063812256,-0.46019113063812256,0.46019113063812256,1
75,jungle_test_contiguous,complete_dataset/self_driving_car_dataset_jungle/IMG/center_2022_04_10_12_44_46_848.jpg,-0.2,-0.5485348701477051,-0.34853487014770507,0.34853487014770507,0
76,jungle_test_contiguous,complete_dataset/self_driving_car_dataset_jungle/IMG/center_2022_04_10_12_44_46_919.jpg,-0.4,-0.5696273446083069,-0.16962734460830686,0.16962734460830686,0
77,jungle_test_contiguous,complete_dataset/self_driving_car_dataset_jungle/IMG/center_2022_04_10_12_44_46_986.jpg,-0.5500001,-0.08583930879831314,0.46416079120168685,0.46416079120168685,1
78,jungle_test_contiguous,complete_dataset/self_driving_car_dataset_jungle/IMG/center_2022_04_10_12_44_47_052.jpg,-0.7,-0.13756990432739258,0.5624300956726074,0.5624300956726074,1
79,jungle_test_contiguous,complete_dataset/self_driving_car_dataset_jungle/IMG/center_2022_04_10_12_44_47_123.jpg,-0.9000002,-0.015082216821610928,0.8849179831783891,0.8849179831783891,1
80,jungle_test_contiguous,complete_dataset/self_driving_car_dataset_jungle/IMG/center_2022_04_10_12_44_47_196.jpg,-1.0,0.06788243353366852,1.0678824335336685,1.0678824335336685,1
81,jungle_test_contiguous,complete_dataset/self_driving_car_dataset_jungle/IMG/center_2022_04_10_12_44_47_264.jpg,-1.0,-0.23360712826251984,0.7663928717374802,0.7663928717374802,1
82,jungle_test_contiguous,complete_dataset/self_driving_car_dataset_jungle/IMG/center_2022_04_10_12_44_47_337.jpg,0.0,-0.1596354842185974,-0.1596354842185974,0.1596354842185974,1
83,jungle_test_contiguous,complete_dataset/self_driving_car_dataset_jungle/IMG/center_2022_04_10_12_44_47_407.jpg,-0.05,-0.07089879363775253,-0.02089879363775253,0.02089879363775253,1
84,jungle_test_contiguous,complete_dataset/self_driving_car_dataset_jungle/IMG/center_2022_04_10_12_44_47_477.jpg,-0.25,-0.1045227199792862,0.1454772800207138,0.1454772800207138,1
85,jungle_test_contiguous,complete_dataset/self_driving_car_dataset_jungle/IMG/center_2022_04_10_12_44_47_545.jpg,-0.4,0.02788740210235119,0.4278874021023512,0.4278874021023512,1
86,jungle_test_contiguous,complete_dataset/self_driving_car_dataset_jungle/IMG/center_2022_04_10_12_44_47_616.jpg,-0.5500001,0.10480117052793503,0.654801270527935,0.654801270527935,1
87,jungle_test_contiguous,complete_dataset/self_driving_car_dataset_jungle/IMG/center_2022_04_10_12_44_47_685.jpg,-0.7500002,0.05307506024837494,0.803075260248375,0.803075260248375,1
88,jungle_test_contiguous,complete_dataset/self_driving_car_dataset_jungle/IMG/center_2022_04_10_12_44_47_756.jpg,0.0,-0.21335627138614655,-0.21335627138614655,0.21335627138614655,1
89,jungle_test_contiguous,complete_dataset/self_driving_car_dataset_jungle/IMG/center_2022_04_10_12_44_47_824.jpg,0.0,-0.373820424079895,-0.373820424079895,0.373820424079895,1
90,jungle_test_contiguous,complete_dataset/self_driving_car_dataset_jungle/IMG/center_2022_04_10_12_44_47_893.jpg,-0.1,-0.4740693271160126,-0.3740693271160126,0.3740693271160126,1
91,jungle_test_contiguous,complete_dataset/self_driving_car_dataset_jungle/IMG/center_2022_04_10_12_44_47_964.jpg,-0.3,-0.19770021736621857,0.10229978263378142,0.10229978263378142,1
92,jungle_test_contiguous,complete_dataset/self_driving_car_dataset_jungle/IMG/center_2022_04_10_12_44_48_030.jpg,-0.45,-0.16494205594062805,0.28505794405937196,0.28505794405937196,1
93,jungle_test_contiguous,complete_dataset/self_driving_car_dataset_jungle/IMG/center_2022_04_10_12_44_48_100.jpg,-0.6500001,-0.03564678505063057,0.6143533149493694,0.6143533149493694,1
94,jungle_test_contiguous,complete_dataset/self_driving_car_dataset_jungle/IMG/center_2022_04_10_12_44_48_168.jpg,-0.8000001,-0.04710735008120537,0.7528927499187946,0.7528927499187946,1
95,jungle_test_contiguous,complete_dataset/self_driving_car_dataset_jungle/IMG/center_2022_04_10_12_44_48_237.jpg,0.0,-0.017907004803419113,-0.017907004803419113,0.017907004803419113,1
96,jungle_test_contiguous,complete_dataset/self_driving_car_dataset_jungle/IMG/center_2022_04_10_12_44_48_308.jpg,0.0,-0.12656225264072418,-0.12656225264072418,0.12656225264072418,1
97,jungle_test_contiguous,complete_dataset/self_driving_car_dataset_jungle/IMG/center_2022_04_10_12_44_48_378.jpg,0.0,0.006460821256041527,0.006460821256041527,0.006460821256041527,1
98,jungle_test_contiguous,complete_dataset/self_driving_car_dataset_jungle/IMG/center_2022_04_10_12_44_48_449.jpg,0.0,0.050887711346149445,0.050887711346149445,0.050887711346149445,1
99,jungle_test_contiguous,complete_dataset/self_driving_car_dataset_jungle/IMG/center_2022_04_10_12_44_48_518.jpg,-0.15,0.031186161562800407,0.1811861615628004,0.1811861615628004,1
100,jungle_test_contiguous,complete_dataset/self_driving_car_dataset_jungle/IMG/center_2022_04_10_12_44_48_586.jpg,-0.3,0.046186868101358414,0.3461868681013584,0.3461868681013584,0
101,jungle_test_contiguous,complete_dataset/self_driving_car_dataset_jungle/IMG/center_2022_04_10_12_44_48_655.jpg,-0.45,-0.018868636339902878,0.43113136366009713,0.43113136366009713,0
102,jungle_test_contiguous,complete_dataset/self_driving_car_dataset_jungle/IMG/center_2022_04_10_12_44_48_722.jpg,-0.6500001,-0.02335529960691929,0.6266448003930807,0.6266448003930807,0
103,jungle_test_contiguous,complete_dataset/self_driving_car_dataset_jungle/IMG/center_2022_04_10_12_44_48_789.jpg,-0.8000001,-0.15912911295890808,0.6408709870410919,0.6408709870410919,0
104,jungle_test_contiguous,complete_dataset/self_driving_car_dataset_jungle/IMG/center_2022_04_10_12_44_48_858.jpg,0.0,-0.14201946556568146,-0.14201946556568146,0.14201946556568146,0
105,jungle_test_contiguous,complete_dataset/self_driving_car_dataset_jungle/IMG/center_2022_04_10_12_44_48_927.jpg,0.0,-0.3978225588798523,-0.3978225588798523,0.3978225588798523,0
106,jungle_test_contiguous,complete_dataset/self_driving_car_dataset_jungle/IMG/center_2022_04_10_12_44_48_994.jpg,0.0,-0.4985532760620117,-0.4985532760620117,0.4985532760620117,0
107,jungle_test_contiguous,complete_dataset/self_driving_car_dataset_jungle/IMG/center_2022_04_10_12_44_49_062.jpg,0.0,-0.3200778067111969,-0.3200778067111969,0.3200778067111969,0
108,jungle_test_contiguous,complete_dataset/self_driving_car_dataset_jungle/IMG/center_2022_04_10_12_44_49_133.jpg,0.0,-0.3785778880119324,-0.3785778880119324,0.3785778880119324,0
109,jungle_test_contiguous,complete_dataset/self_driving_car_dataset_jungle/IMG/center_2022_04_10_12_44_49_201.jpg,0.05,-0.20433534681797028,-0.25433534681797026,0.25433534681797026,0
110,jungle_test_contiguous,complete_dataset/self_driving_car_dataset_jungle/IMG/center_2022_04_10_12_44_49_271.jpg,0.2,0.028499092906713486,-0.17150090709328653,0.17150090709328653,1
111,jungle_test_contiguous,complete_dataset/self_driving_car_dataset_jungle/IMG/center_2022_04_10_12_44_49_338.jpg,0.4,0.11824175715446472,-0.2817582428455353,0.2817582428455353,0
112,jungle_test_contiguous,complete_dataset/self_driving_car_dataset_jungle/IMG/center_2022_04_10_12_44_49_405.jpg,0.5500001,0.11294760555028915,-0.43705249444971084,0.43705249444971084,0
113,jungle_test_contiguous,complete_dataset/self_driving_car_dataset_jungle/IMG/center_2022_04_10_12_44_49_473.jpg,0.0,0.08725576102733612,0.08725576102733612,0.08725576102733612,0
114,jungle_test_contiguous,complete_dataset/self_driving_car_dataset_jungle/IMG/center_2022_04_10_12_44_49_540.jpg,0.0,0.0395728275179863,0.0395728275179863,0.0395728275179863,0
115,jungle_test_contiguous,complete_dataset/self_driving_car_dataset_jungle/IMG/center_2022_04_10_12_44_49_608.jpg,0.0,0.0034122394863516092,0.0034122394863516092,0.0034122394863516092,0
116,jungle_test_contiguous,complete_dataset/self_driving_car_dataset_jungle/IMG/center_2022_04_10_12_44_49_679.jpg,0.15,0.07928074896335602,-0.07071925103664398,0.07071925103664398,1
117,jungle_test_contiguous,complete_dataset/self_driving_car_dataset_jungle/IMG/center_2022_04_10_12_44_49_746.jpg,0.3,-0.017699558287858963,-0.31769955828785895,0.31769955828785895,0
118,jungle_test_contiguous,complete_dataset/self_driving_car_dataset_jungle/IMG/center_2022_04_10_12_44_49_815.jpg,0.45,0.020644376054406166,-0.42935562394559385,0.42935562394559385,1
119,jungle_test_contiguous,complete_dataset/self_driving_car_dataset_jungle/IMG/center_2022_04_10_12_44_49_885.jpg,0.6500001,-0.007214290555566549,-0.6572143905555665,0.6572143905555665,0
120,jungle_test_contiguous,complete_dataset/self_driving_car_dataset_jungle/IMG/center_2022_04_10_12_44_49_952.jpg,0.8000001,0.025213977321982384,-0.7747861226780176,0.7747861226780176,0
121,jungle_test_contiguous,complete_dataset/self_driving_car_dataset_jungle/IMG/center_2022_04_10_12_44_50_022.jpg,1.0,0.017199521884322166,-0.9828004781156778,0.9828004781156778,0
122,jungle_test_contiguous,complete_dataset/self_driving_car_dataset_jungle/IMG/center_2022_04_10_12_44_50_091.jpg,0.0,-0.07988347113132477,-0.07988347113132477,0.07988347113132477,0
123,jungle_test_contiguous,complete_dataset/self_driving_car_dataset_jungle/IMG/center_2022_04_10_12_44_50_160.jpg,0.0,-0.07914011180400848,-0.07914011180400848,0.07914011180400848,0
124,jungle_test_contiguous,complete_dataset/self_driving_car_dataset_jungle/IMG/center_2022_04_10_12_44_50_229.jpg,0.0,-0.07590171694755554,-0.07590171694755554,0.07590171694755554,0
125,jungle_test_contiguous,complete_dataset/self_driving_car_dataset_jungle/IMG/center_2022_04_10_12_44_50_300.jpg,0.0,-0.016764987260103226,-0.016764987260103226,0.016764987260103226,0
126,jungle_test_contiguous,complete_dataset/self_driving_car_dataset_jungle/IMG/center_2022_04_10_12_44_50_371.jpg,0.05,-0.008292781189084053,-0.058292781189084056,0.058292781189084056,0
127,jungle_test_contiguous,complete_dataset/self_driving_car_dataset_jungle/IMG/center_2022_04_10_12_44_50_440.jpg,0.25,0.04175803065299988,-0.20824196934700012,0.20824196934700012,0
128,jungle_test_contiguous,complete_dataset/self_driving_car_dataset_jungle/IMG/center_2022_04_10_12_44_50_513.jpg,0.4,0.07328853756189346,-0.32671146243810656,0.32671146243810656,0
129,jungle_test_contiguous,complete_dataset/self_driving_car_dataset_jungle/IMG/center_2022_04_10_12_44_50_580.jpg,0.6000001,0.19685253500938416,-0.4031475649906159,0.4031475649906159,0
130,jungle_test_contiguous,complete_dataset/self_driving_car_dataset_jungle/IMG/center_2022_04_10_12_44_50_650.jpg,0.7500002,0.08703862130641937,-0.6629615786935806,0.6629615786935806,0
131,jungle_test_contiguous,complete_dataset/self_driving_car_dataset_jungle/IMG/center_2022_04_10_12_44_50_723.jpg,0.0,0.08647429943084717,0.08647429943084717,0.08647429943084717,0
132,jungle_test_contiguous,complete_dataset/self_driving_car_dataset_jungle/IMG/center_2022_04_10_12_44_50_790.jpg,0.0,0.07414408028125763,0.07414408028125763,0.07414408028125763,0
133,jungle_test_contiguous,complete_dataset/self_driving_car_dataset_jungle/IMG/center_2022_04_10_12_44_50_859.jpg,0.1,0.16470561921596527,0.06470561921596527,0.06470561921596527,0
134,jungle_test_contiguous,complete_dataset/self_driving_car_dataset_jungle/IMG/center_2022_04_10_12_44_50_930.jpg,0.25,0.23754717409610748,-0.012452825903892517,0.012452825903892517,0
135,jungle_test_contiguous,complete_dataset/self_driving_car_dataset_jungle/IMG/center_2022_04_10_12_44_50_997.jpg,0.45,0.34967371821403503,-0.10032628178596498,0.10032628178596498,0
136,jungle_test_contiguous,complete_dataset/self_driving_car_dataset_jungle/IMG/center_2022_04_10_12_44_51_068.jpg,0.6000001,0.4641892910003662,-0.13581080899963383,0.13581080899963383,0
137,jungle_test_contiguous,complete_dataset/self_driving_car_dataset_jungle/IMG/center_2022_04_10_12_44_51_141.jpg,0.8000001,0.5645620226860046,-0.23543807731399535,0.23543807731399535,0
138,jungle_test_contiguous,complete_dataset/self_driving_car_dataset_jungle/IMG/center_2022_04_10_12_44_51_214.jpg,0.9500002,0.6463065147399902,-0.3036936852600097,0.3036936852600097,0
139,jungle_test_contiguous,complete_dataset/self_driving_car_dataset_jungle/IMG/center_2022_04_10_12_44_51_282.jpg,0.0,0.5917527675628662,0.5917527675628662,0.5917527675628662,0
140,jungle_test_contiguous,complete_dataset/self_driving_car_dataset_jungle/IMG/center_2022_04_10_12_44_51_352.jpg,0.0,0.5198113918304443,0.5198113918304443,0.5198113918304443,0
141,jungle_test_contiguous,complete_dataset/self_driving_car_dataset_jungle/IMG/center_2022_04_10_12_44_51_424.jpg,0.0,0.3370175063610077,0.3370175063610077,0.3370175063610077,0
142,jungle_test_contiguous,complete_dataset/self_driving_car_dataset_jungle/IMG/center_2022_04_10_12_44_51_492.jpg,0.0,0.29103076457977295,0.29103076457977295,0.29103076457977295,0
143,jungle_test_contiguous,complete_dataset/self_driving_car_dataset_jungle/IMG/center_2022_04_10_12_44_51_564.jpg,0.0,0.202616885304451,0.202616885304451,0.202616885304451,0
144,jungle_test_contiguous,complete_dataset/self_driving_car_dataset_jungle/IMG/center_2022_04_10_12_44_51_632.jpg,0.0,0.14955447614192963,0.14955447614192963,0.14955447614192963,0
145,jungle_test_contiguous,complete_dataset/self_driving_car_dataset_jungle/IMG/center_2022_04_10_12_44_51_701.jpg,0.0,0.09373900294303894,0.09373900294303894,0.09373900294303894,0
146,jungle_test_contiguous,complete_dataset/self_driving_car_dataset_jungle/IMG/center_2022_04_10_12_44_51_770.jpg,0.0,0.0788341760635376,0.0788341760635376,0.0788341760635376,0
147,jungle_test_contiguous,complete_dataset/self_driving_car_dataset_jungle/IMG/center_2022_04_10_12_44_51_838.jpg,0.0,0.04373824596405029,0.04373824596405029,0.04373824596405029,0
148,jungle_test_contiguous,complete_dataset/self_driving_car_dataset_jungle/IMG/center_2022_04_10_12_44_51_910.jpg,0.0,0.035133492201566696,0.035133492201566696,0.035133492201566696,0
149,jungle_test_contiguous,complete_dataset/self_driving_car_dataset_jungle/IMG/center_2022_04_10_12_44_51_981.jpg,0.0,0.04946908354759216,0.04946908354759216,0.04946908354759216,0
150,jungle_test_contiguous,complete_dataset/self_driving_car_dataset_jungle/IMG/center_2022_04_10_12_44_52_048.jpg,0.0,0.05846259742975235,0.05846259742975235,0.05846259742975235,0
151,jungle_test_contiguous,complete_dataset/self_driving_car_dataset_jungle/IMG/center_2022_04_10_12_44_52_120.jpg,0.0,0.04518207535147667,0.04518207535147667,0.04518207535147667,0
152,jungle_test_contiguous,complete_dataset/self_driving_car_dataset_jungle/IMG/center_2022_04_10_12_44_52_188.jpg,0.0,0.04056734964251518,0.04056734964251518,0.04056734964251518,0
153,jungle_test_contiguous,complete_dataset/self_driving_car_dataset_jungle/IMG/center_2022_04_10_12_44_52_257.jpg,0.0,0.04115244001150131,0.04115244001150131,0.04115244001150131,0
154,jungle_test_contiguous,complete_dataset/self_driving_car_dataset_jungle/IMG/center_2022_04_10_12_44_52_325.jpg,0.0,0.03444669768214226,0.03444669768214226,0.03444669768214226,0
155,jungle_test_contiguous,complete_dataset/self_driving_car_dataset_jungle/IMG/center_2022_04_10_12_44_52_394.jpg,0.0,0.04510389268398285,0.04510389268398285,0.04510389268398285,0
156,jungle_test_contiguous,complete_dataset/self_driving_car_dataset_jungle/IMG/center_2022_04_10_12_44_52_463.jpg,0.0,0.07367506623268127,0.07367506623268127,0.07367506623268127,0
157,jungle_test_contiguous,complete_dataset/self_driving_car_dataset_jungle/IMG/center_2022_04_10_12_44_52_531.jpg,0.0,0.07507184892892838,0.07507184892892838,0.07507184892892838,0
158,jungle_test_contiguous,complete_dataset/self_driving_car_dataset_jungle/IMG/center_2022_04_10_12_44_52_598.jpg,-0.2,-0.0022032158449292183,0.1977967841550708,0.1977967841550708,0
159,jungle_test_contiguous,complete_dataset/self_driving_car_dataset_jungle/IMG/center_2022_04_10_12_44_52_667.jpg,0.0,-0.08482436835765839,-0.08482436835765839,0.08482436835765839,0
160,jungle_test_contiguous,complete_dataset/self_driving_car_dataset_jungle/IMG/center_2022_04_10_12_44_52_737.jpg,-0.05,-0.12466001510620117,-0.07466001510620117,0.07466001510620117,0
161,jungle_test_contiguous,complete_dataset/self_driving_car_dataset_jungle/IMG/center_2022_04_10_12_44_52_804.jpg,-0.2,-0.16875366866588593,0.031246331334114086,0.031246331334114086,0
162,jungle_test_contiguous,complete_dataset/self_driving_car_dataset_jungle/IMG/center_2022_04_10_12_44_52_875.jpg,-0.35,-0.2205435037612915,0.12945649623870847,0.12945649623870847,0
163,jungle_test_contiguous,complete_dataset/self_driving_car_dataset_jungle/IMG/center_2022_04_10_12_44_52_945.jpg,0.0,-0.16803888976573944,-0.16803888976573944,0.16803888976573944,0
164,jungle_test_contiguous,complete_dataset/self_driving_car_dataset_jungle/IMG/center_2022_04_10_12_44_53_014.jpg,-0.1,0.08935811370611191,0.1893581137061119,0.1893581137061119,0
165,jungle_test_contiguous,complete_dataset/self_driving_car_dataset_jungle/IMG/center_2022_04_10_12_44_53_081.jpg,-0.3,0.24870817363262177,0.5487081736326218,0.5487081736326218,0
166,jungle_test_contiguous,complete_dataset/self_driving_car_dataset_jungle/IMG/center_2022_04_10_12_44_53_153.jpg,0.0,0.2520604431629181,0.2520604431629181,0.2520604431629181,0
167,jungle_test_contiguous,complete_dataset/self_driving_car_dataset_jungle/IMG/center_2022_04_10_12_44_53_224.jpg,-0.05,0.16470228135585785,0.21470228135585784,0.21470228135585784,0
168,jungle_test_contiguous,complete_dataset/self_driving_car_dataset_jungle/IMG/center_2022_04_10_12_44_53_291.jpg,-0.2,-0.14037486910820007,0.05962513089179994,0.05962513089179994,0
169,jungle_test_contiguous,complete_dataset/self_driving_car_dataset_jungle/IMG/center_2022_04_10_12_44_53_360.jpg,-0.4,-0.6267129182815552,-0.22671291828155515,0.22671291828155515,1
170,jungle_test_contiguous,complete_dataset/self_driving_car_dataset_jungle/IMG/center_2022_04_10_12_44_53_428.jpg,-0.5500001,-0.87645423412323,-0.32645413412323,0.32645413412323,1
171,jungle_test_contiguous,complete_dataset/self_driving_car_dataset_jungle/IMG/center_2022_04_10_12_44_53_499.jpg,-0.7500002,-0.793045699596405,-0.043045499596405024,0.043045499596405024,1
172,jungle_test_contiguous,complete_dataset/self_driving_car_dataset_jungle/IMG/center_2022_04_10_12_44_53_565.jpg,0.0,-0.3895670175552368,-0.3895670175552368,0.3895670175552368,1
173,jungle_test_contiguous,complete_dataset/self_driving_car_dataset_jungle/IMG/center_2022_04_10_12_44_53_632.jpg,0.0,-0.1305449903011322,-0.1305449903011322,0.1305449903011322,1
174,jungle_test_contiguous,complete_dataset/self_driving_car_dataset_jungle/IMG/center_2022_04_10_12_44_53_703.jpg,-0.05,-0.1474107950925827,-0.0974107950925827,0.0974107950925827,1
175,jungle_test_contiguous,complete_dataset/self_driving_car_dataset_jungle/IMG/center_2022_04_10_12_44_53_773.jpg,-0.2,-0.1425413340330124,0.05745866596698762,0.05745866596698762,1
176,jungle_test_contiguous,complete_dataset/self_driving_car_dataset_jungle/IMG/center_2022_04_10_12_44_53_844.jpg,-0.4,-0.4957309663295746,-0.09573096632957456,0.09573096632957456,1
177,jungle_test_contiguous,complete_dataset/self_driving_car_dataset_jungle/IMG/center_2022_04_10_12_44_53_915.jpg,-0.5500001,-0.5340976119041443,0.015902488095855705,0.015902488095855705,1
178,jungle_test_contiguous,complete_dataset/self_driving_car_dataset_jungle/IMG/center_2022_04_10_12_44_53_986.jpg,-0.7500002,-0.5499854683876038,0.20001473161239625,0.20001473161239625,1
179,jungle_test_contiguous,complete_dataset/self_driving_car_dataset_jungle/IMG/center_2022_04_10_12_44_54_053.jpg,-0.9000002,-0.14943265914916992,0.7505675408508301,0.7505675408508301,1
180,jungle_test_contiguous,complete_dataset/self_driving_car_dataset_jungle/IMG/center_2022_04_10_12_44_54_121.jpg,0.0,-0.04852203279733658,-0.04852203279733658,0.04852203279733658,1
181,jungle_test_contiguous,complete_dataset/self_driving_car_dataset_jungle/IMG/center_2022_04_10_12_44_54_189.jpg,0.0,-0.11103121191263199,-0.11103121191263199,0.11103121191263199,1
182,jungle_test_contiguous,complete_dataset/self_driving_car_dataset_jungle/IMG/center_2022_04_10_12_44_54_261.jpg,0.0,-0.04904864355921745,-0.04904864355921745,0.04904864355921745,1
183,jungle_test_contiguous,complete_dataset/self_driving_car_dataset_jungle/IMG/center_2022_04_10_12_44_54_331.jpg,-0.15,-0.0477343313395977,0.10226566866040229,0.10226566866040229,1
184,jungle_test_contiguous,complete_dataset/self_driving_car_dataset_jungle/IMG/center_2022_04_10_12_44_54_401.jpg,-0.35,-0.046683479100465775,0.3033165208995342,0.3033165208995342,1
185,jungle_test_contiguous,complete_dataset/self_driving_car_dataset_jungle/IMG/center_2022_04_10_12_44_54_471.jpg,-0.5000001,-0.07858245819807053,0.4214176418019294,0.4214176418019294,1
186,jungle_test_contiguous,complete_dataset/self_driving_car_dataset_jungle/IMG/center_2022_04_10_12_44_54_540.jpg,-0.7,-0.08135558664798737,0.6186444133520126,0.6186444133520126,0
187,jungle_test_contiguous,complete_dataset/self_driving_car_dataset_jungle/IMG/center_2022_04_10_12_44_54_609.jpg,0.0,-0.08756615966558456,-0.08756615966558456,0.08756615966558456,0
188,jungle_test_contiguous,complete_dataset/self_driving_car_dataset_jungle/IMG/center_2022_04_10_12_44_54_677.jpg,0.0,-0.09251051396131516,-0.09251051396131516,0.09251051396131516,0
189,jungle_test_contiguous,complete_dataset/self_driving_car_dataset_jungle/IMG/center_2022_04_10_12_44_54_746.jpg,-0.1,-0.1757459193468094,-0.07574591934680938,0.07574591934680938,0
190,jungle_test_contiguous,complete_dataset/self_driving_car_dataset_jungle/IMG/center_2022_04_10_12_44_54_817.jpg,-0.3,-0.11048443615436554,0.18951556384563445,0.18951556384563445,0
191,jungle_test_contiguous,complete_dataset/self_driving_car_dataset_jungle/IMG/center_2022_04_10_12_44_54_883.jpg,-0.45,-0.11490412801504135,0.33509587198495866,0.33509587198495866,0
192,jungle_test_contiguous,complete_dataset/self_driving_car_dataset_jungle/IMG/center_2022_04_10_12_44_54_952.jpg,-0.6000001,-0.1001410037279129,0.49985909627208713,0.49985909627208713,0
193,jungle_test_contiguous,complete_dataset/self_driving_car_dataset_jungle/IMG/center_2022_04_10_12_44_55_021.jpg,0.0,-0.14744938910007477,-0.14744938910007477,0.14744938910007477,0
194,jungle_test_contiguous,complete_dataset/self_driving_car_dataset_jungle/IMG/center_2022_04_10_12_44_55_088.jpg,0.0,-0.20298846065998077,-0.20298846065998077,0.20298846065998077,0
195,jungle_test_contiguous,complete_dataset/self_driving_car_dataset_jungle/IMG/center_2022_04_10_12_44_55_157.jpg,0.0,-0.05488624796271324,-0.05488624796271324,0.05488624796271324,0
196,jungle_test_contiguous,complete_dataset/self_driving_car_dataset_jungle/IMG/center_2022_04_10_12_44_55_225.jpg,0.1,-0.21142573654651642,-0.3114257365465164,0.3114257365465164,0
197,jungle_test_contiguous,complete_dataset/self_driving_car_dataset_jungle/IMG/center_2022_04_10_12_44_55_292.jpg,0.25,-0.1232956275343895,-0.3732956275343895,0.3732956275343895,0
198,jungle_test_contiguous,complete_dataset/self_driving_car_dataset_jungle/IMG/center_2022_04_10_12_44_55_360.jpg,0.0,-0.17372050881385803,-0.17372050881385803,0.17372050881385803,0
199,jungle_test_contiguous,complete_dataset/self_driving_car_dataset_jungle/IMG/center_2022_04_10_12_44_55_429.jpg,0.0,-0.045339591801166534,-0.045339591801166534,0.045339591801166534,0
200,jungle_test_contiguous,complete_dataset/self_driving_car_dataset_jungle/IMG/center_2022_04_10_12_44_55_498.jpg,0.0,0.19090601801872253,0.19090601801872253,0.19090601801872253,0
201,jungle_test_contiguous,complete_dataset/self_driving_car_dataset_jungle/IMG/center_2022_04_10_12_44_55_566.jpg,0.0,0.4524168074131012,0.4524168074131012,0.4524168074131012,0
202,jungle_test_contiguous,complete_dataset/self_driving_car_dataset_jungle/IMG/center_2022_04_10_12_44_55_635.jpg,0.0,0.37750983238220215,0.37750983238220215,0.37750983238220215,1
203,jungle_test_contiguous,complete_dataset/self_driving_car_dataset_jungle/IMG/center_2022_04_10_12_44_55_702.jpg,0.15,0.2698647081851959,0.11986470818519593,0.11986470818519593,1
204,jungle_test_contiguous,complete_dataset/self_driving_car_dataset_jungle/IMG/center_2022_04_10_12_44_55_770.jpg,0.3,0.2579324543476105,-0.042067545652389515,0.042067545652389515,0
205,jungle_test_contiguous,complete_dataset/self_driving_car_dataset_jungle/IMG/center_2022_04_10_12_44_55_838.jpg,0.5000001,0.021616512909531593,-0.47838358709046835,0.47838358709046835,1
206,jungle_test_contiguous,complete_dataset/self_driving_car_dataset_jungle/IMG/center_2022_04_10_12_44_55_905.jpg,0.6500001,0.003171102609485388,-0.6468289973905146,0.6468289973905146,1
207,jungle_test_contiguous,complete_dataset/self_driving_car_dataset_jungle/IMG/center_2022_04_10_12_44_55_974.jpg,0.0,0.01863006129860878,0.01863006129860878,0.01863006129860878,1
208,jungle_test_contiguous,complete_dataset/self_driving_car_dataset_jungle/IMG/center_2022_04_10_12_44_56_042.jpg,0.0,0.1749158501625061,0.1749158501625061,0.1749158501625061,1
209,jungle_test_contiguous,complete_dataset/self_driving_car_dataset_jungle/IMG/center_2022_04_10_12_44_56_110.jpg,0.15,0.3114621639251709,0.1614621639251709,0.1614621639251709,1
210,jungle_test_contiguous,complete_dataset/self_driving_car_dataset_jungle/IMG/center_2022_04_10_12_44_56_180.jpg,0.35,0.32490989565849304,-0.025090104341506936,0.025090104341506936,1
211,jungle_test_contiguous,complete_dataset/self_driving_car_dataset_jungle/IMG/center_2022_04_10_12_44_56_247.jpg,0.5000001,0.24821870028972626,-0.2517813997102737,0.2517813997102737,1
212,jungle_test_contiguous,complete_dataset/self_driving_car_dataset_jungle/IMG/center_2022_04_10_12_44_56_315.jpg,0.6500001,0.21340790390968323,-0.43659219609031674,0.43659219609031674,1
213,jungle_test_contiguous,complete_dataset/self_driving_car_dataset_jungle/IMG/center_2022_04_10_12_44_56_383.jpg,0.8500001,0.13031533360481262,-0.7196847663951874,0.7196847663951874,1
214,jungle_test_contiguous,complete_dataset/self_driving_car_dataset_jungle/IMG/center_2022_04_10_12_44_56_451.jpg,1.0,0.10832738876342773,-0.8916726112365723,0.8916726112365723,0
215,jungle_test_contiguous,complete_dataset/self_driving_car_dataset_jungle/IMG/center_2022_04_10_12_44_56_519.jpg,1.0,0.10422457009553909,-0.8957754299044609,0.8957754299044609,0
216,jungle_test_contiguous,complete_dataset/self_driving_car_dataset_jungle/IMG/center_2022_04_10_12_44_56_586.jpg,1.0,0.15501026809215546,-0.8449897319078445,0.8449897319078445,0
217,jungle_test_contiguous,complete_dataset/self_driving_car_dataset_jungle/IMG/center_2022_04_10_12_44_56_654.jpg,0.0,0.17286556959152222,0.17286556959152222,0.17286556959152222,0
218,jungle_test_contiguous,complete_dataset/self_driving_car_dataset_jungle/IMG/center_2022_04_10_12_44_56_721.jpg,0.0,0.08261583745479584,0.08261583745479584,0.08261583745479584,0
219,jungle_test_contiguous,complete_dataset/self_driving_car_dataset_jungle/IMG/center_2022_04_10_12_44_56_788.jpg,0.0,-0.017738258466124535,-0.017738258466124535,0.017738258466124535,0
220,jungle_test_contiguous,complete_dataset/self_driving_car_dataset_jungle/IMG/center_2022_04_10_12_44_56_855.jpg,0.0,-0.006301182322204113,-0.006301182322204113,0.006301182322204113,0
221,jungle_test_contiguous,complete_dataset/self_driving_car_dataset_jungle/IMG/center_2022_04_10_12_44_56_924.jpg,0.0,0.02602693997323513,0.02602693997323513,0.02602693997323513,0
222,jungle_test_contiguous,complete_dataset/self_driving_car_dataset_jungle/IMG/center_2022_04_10_12_44_56_993.jpg,0.0,0.06753090769052505,0.06753090769052505,0.06753090769052505,0
223,jungle_test_contiguous,complete_dataset/self_driving_car_dataset_jungle/IMG/center_2022_04_10_12_44_57_063.jpg,0.0,0.04058939218521118,0.04058939218521118,0.04058939218521118,0
224,jungle_test_contiguous,complete_dataset/self_driving_car_dataset_jungle/IMG/center_2022_04_10_12_44_57_129.jpg,0.0,0.060852646827697754,0.060852646827697754,0.060852646827697754,0
225,jungle_test_contiguous,complete_dataset/self_driving_car_dataset_jungle/IMG/center_2022_04_10_12_44_57_197.jpg,0.1,0.08074850589036942,-0.01925149410963059,0.01925149410963059,0
226,jungle_test_contiguous,complete_dataset/self_driving_car_dataset_jungle/IMG/center_2022_04_10_12_44_57_264.jpg,0.25,0.08712846040725708,-0.16287153959274292,0.16287153959274292,0
227,jungle_test_contiguous,complete_dataset/self_driving_car_dataset_jungle/IMG/center_2022_04_10_12_44_57_332.jpg,0.4,0.05797120928764343,-0.3420287907123566,0.3420287907123566,0
228,jungle_test_contiguous,complete_dataset/self_driving_car_dataset_jungle/IMG/center_2022_04_10_12_44_57_402.jpg,0.6000001,0.18540963530540466,-0.4145904646945954,0.4145904646945954,0
229,jungle_test_contiguous,complete_dataset/self_driving_car_dataset_jungle/IMG/center_2022_04_10_12_44_57_472.jpg,0.7500002,0.5303589701652527,-0.21964122983474732,0.21964122983474732,0
230,jungle_test_contiguous,complete_dataset/self_driving_car_dataset_jungle/IMG/center_2022_04_10_12_44_57_540.jpg,0.9500002,0.8645862936973572,-0.08541390630264278,0.08541390630264278,0
231,jungle_test_contiguous,complete_dataset/self_driving_car_dataset_jungle/IMG/center_2022_04_10_12_44_57_608.jpg,1.0,0.9276130795478821,-0.07238692045211792,0.07238692045211792,0
232,jungle_test_contiguous,complete_dataset/self_driving_car_dataset_jungle/IMG/center_2022_04_10_12_44_57_677.jpg,1.0,0.7386800646781921,-0.26131993532180786,0.26131993532180786,0
233,jungle_test_contiguous,complete_dataset/self_driving_car_dataset_jungle/IMG/center_2022_04_10_12_44_57_743.jpg,1.0,0.08252893388271332,-0.9174710661172867,0.9174710661172867,1
234,jungle_test_contiguous,complete_dataset/self_driving_car_dataset_jungle/IMG/center_2022_04_10_12_44_57_813.jpg,1.0,0.14879775047302246,-0.8512022495269775,0.8512022495269775,1
235,jungle_test_contiguous,complete_dataset/self_driving_car_dataset_jungle/IMG/center_2022_04_10_12_44_57_881.jpg,0.0,0.2541440725326538,0.2541440725326538,0.2541440725326538,1
236,jungle_test_contiguous,complete_dataset/self_driving_car_dataset_jungle/IMG/center_2022_04_10_12_44_57_948.jpg,0.0,0.3267793655395508,0.3267793655395508,0.3267793655395508,1
237,jungle_test_contiguous,complete_dataset/self_driving_car_dataset_jungle/IMG/center_2022_04_10_12_44_58_018.jpg,0.0,0.1913158893585205,0.1913158893585205,0.1913158893585205,1
238,jungle_test_contiguous,complete_dataset/self_driving_car_dataset_jungle/IMG/center_2022_04_10_12_44_58_088.jpg,0.0,0.08588613569736481,0.08588613569736481,0.08588613569736481,1
239,jungle_test_contiguous,complete_dataset/self_driving_car_dataset_jungle/IMG/center_2022_04_10_12_44_58_155.jpg,0.15,-0.012559517286717892,-0.1625595172867179,0.1625595172867179,1
240,jungle_test_contiguous,complete_dataset/self_driving_car_dataset_jungle/IMG/center_2022_04_10_12_44_58_222.jpg,0.35,-0.03787676990032196,-0.38787676990032194,0.38787676990032194,1
241,jungle_test_contiguous,complete_dataset/self_driving_car_dataset_jungle/IMG/center_2022_04_10_12_44_58_291.jpg,-0.05,-0.1536710113286972,-0.1036710113286972,0.1036710113286972,1
242,jungle_test_contiguous,complete_dataset/self_driving_car_dataset_jungle/IMG/center_2022_04_10_12_44_58_360.jpg,-0.25,-0.1838083565235138,0.0661916434764862,0.0661916434764862,1
243,jungle_test_contiguous,complete_dataset/self_driving_car_dataset_jungle/IMG/center_2022_04_10_12_44_58_428.jpg,-0.4,-0.34198376536369324,0.058016234636306785,0.058016234636306785,1
244,jungle_test_contiguous,complete_dataset/self_driving_car_dataset_jungle/IMG/center_2022_04_10_12_44_58_500.jpg,-0.6000001,-0.33716288208961487,0.26283721791038517,0.26283721791038517,1
245,jungle_test_contiguous,complete_dataset/self_driving_car_dataset_jungle/IMG/center_2022_04_10_12_44_58_567.jpg,-0.7500002,-0.4308711290359497,0.3191290709640503,0.3191290709640503,1
246,jungle_test_contiguous,complete_dataset/self_driving_car_dataset_jungle/IMG/center_2022_04_10_12_44_58_635.jpg,-0.9000002,-0.4329979717731476,0.46700222822685244,0.46700222822685244,1
247,jungle_test_contiguous,complete_dataset/self_driving_car_dataset_jungle/IMG/center_2022_04_10_12_44_58_705.jpg,-1.0,-0.29038840532302856,0.7096115946769714,0.7096115946769714,0
248,jungle_test_contiguous,complete_dataset/self_driving_car_dataset_jungle/IMG/center_2022_04_10_12_44_58_774.jpg,-1.0,-0.2141227275133133,0.7858772724866867,0.7858772724866867,0
249,jungle_test_contiguous,complete_dataset/self_driving_car_dataset_jungle/IMG/center_2022_04_10_12_44_58_841.jpg,0.0,-0.22675664722919464,-0.22675664722919464,0.22675664722919464,0
250,jungle_test_contiguous,complete_dataset/self_driving_car_dataset_jungle/IMG/center_2022_04_10_12_44_58_910.jpg,0.0,-0.15184348821640015,-0.15184348821640015,0.15184348821640015,0
251,jungle_test_contiguous,complete_dataset/self_driving_car_dataset_jungle/IMG/center_2022_04_10_12_44_58_978.jpg,0.0,-0.17871710658073425,-0.17871710658073425,0.17871710658073425,0
252,jungle_test_contiguous,complete_dataset/self_driving_car_dataset_jungle/IMG/center_2022_04_10_12_44_59_045.jpg,0.0,-0.01886657439172268,-0.01886657439172268,0.01886657439172268,0
253,jungle_test_contiguous,complete_dataset/self_driving_car_dataset_jungle/IMG/center_2022_04_10_12_44_59_113.jpg,0.05,-0.0033518997952342033,-0.053351899795234206,0.053351899795234206,0
254,jungle_test_contiguous,complete_dataset/self_driving_car_dataset_jungle/IMG/center_2022_04_10_12_44_59_180.jpg,0.0,-0.10018887370824814,-0.10018887370824814,0.10018887370824814,0
255,jungle_test_contiguous,complete_dataset/self_driving_car_dataset_jungle/IMG/center_2022_04_10_12_44_59_250.jpg,0.0,0.06498568505048752,0.06498568505048752,0.06498568505048752,0
256,jungle_test_contiguous,complete_dataset/self_driving_car_dataset_jungle/IMG/center_2022_04_10_12_44_59_319.jpg,0.0,-0.012043807655572891,-0.012043807655572891,0.012043807655572891,0
257,jungle_test_contiguous,complete_dataset/self_driving_car_dataset_jungle/IMG/center_2022_04_10_12_44_59_387.jpg,0.15,0.03317050635814667,-0.11682949364185333,0.11682949364185333,0
258,jungle_test_contiguous,complete_dataset/self_driving_car_dataset_jungle/IMG/center_2022_04_10_12_44_59_455.jpg,0.3,0.08715856820344925,-0.21284143179655074,0.21284143179655074,0
259,jungle_test_contiguous,complete_dataset/self_driving_car_dataset_jungle/IMG/center_2022_04_10_12_44_59_524.jpg,0.5000001,-0.017414124682545662,-0.5174142246825456,0.5174142246825456,0
260,jungle_test_contiguous,complete_dataset/self_driving_car_dataset_jungle/IMG/center_2022_04_10_12_44_59_591.jpg,0.0,-0.005120570305734873,-0.005120570305734873,0.005120570305734873,0
261,jungle_test_contiguous,complete_dataset/self_driving_car_dataset_jungle/IMG/center_2022_04_10_12_44_59_661.jpg,0.0,0.033327240496873856,0.033327240496873856,0.033327240496873856,0
262,jungle_test_contiguous,complete_dataset/self_driving_car_dataset_jungle/IMG/center_2022_04_10_12_44_59_728.jpg,0.0,0.06774777173995972,0.06774777173995972,0.06774777173995972,0
263,jungle_test_contiguous,complete_dataset/self_driving_car_dataset_jungle/IMG/center_2022_04_10_12_44_59_798.jpg,0.05,0.14098182320594788,0.09098182320594787,0.09098182320594787,0
264,jungle_test_contiguous,complete_dataset/self_driving_car_dataset_jungle/IMG/center_2022_04_10_12_44_59_866.jpg,0.2,0.08608086407184601,-0.113919135928154,0.113919135928154,0
265,jungle_test_contiguous,complete_dataset/self_driving_car_dataset_jungle/IMG/center_2022_04_10_12_44_59_934.jpg,0.35,-0.0012401866260915995,-0.3512401866260916,0.3512401866260916,0
266,jungle_test_contiguous,complete_dataset/self_driving_car_dataset_jungle/IMG/center_2022_04_10_12_45_00_003.jpg,0.0,-0.07715931534767151,-0.07715931534767151,0.07715931534767151,0
267,jungle_test_contiguous,complete_dataset/self_driving_car_dataset_jungle/IMG/center_2022_04_10_12_45_00_073.jpg,-0.15,-0.10159479081630707,0.04840520918369293,0.04840520918369293,0
268,jungle_test_contiguous,complete_dataset/self_driving_car_dataset_jungle/IMG/center_2022_04_10_12_45_00_141.jpg,-0.35,-0.0725598856806755,0.27744011431932447,0.27744011431932447,0
269,jungle_test_contiguous,complete_dataset/self_driving_car_dataset_jungle/IMG/center_2022_04_10_12_45_00_209.jpg,-0.5000001,-0.08663522452116013,0.4133648754788398,0.4133648754788398,0
270,jungle_test_contiguous,complete_dataset/self_driving_car_dataset_jungle/IMG/center_2022_04_10_12_45_00_278.jpg,0.0,-0.1329067498445511,-0.1329067498445511,0.1329067498445511,0
271,jungle_test_contiguous,complete_dataset/self_driving_car_dataset_jungle/IMG/center_2022_04_10_12_45_00_346.jpg,0.0,-0.11871717870235443,-0.11871717870235443,0.11871717870235443,0
272,jungle_test_contiguous,complete_dataset/self_driving_car_dataset_jungle/IMG/center_2022_04_10_12_45_00_413.jpg,0.0,-0.16087010502815247,-0.16087010502815247,0.16087010502815247,0
273,jungle_test_contiguous,complete_dataset/self_driving_car_dataset_jungle/IMG/center_2022_04_10_12_45_00_482.jpg,0.0,-0.12227366864681244,-0.12227366864681244,0.12227366864681244,0
274,jungle_test_contiguous,complete_dataset/self_driving_car_dataset_jungle/IMG/center_2022_04_10_12_45_00_551.jpg,0.0,-0.20470936596393585,-0.20470936596393585,0.20470936596393585,0
275,jungle_test_contiguous,complete_dataset/self_driving_car_dataset_jungle/IMG/center_2022_04_10_12_45_00_619.jpg,0.0,-0.1776043325662613,-0.1776043325662613,0.1776043325662613,0
276,jungle_test_contiguous,complete_dataset/self_driving_car_dataset_jungle/IMG/center_2022_04_10_12_45_00_686.jpg,0.0,-0.02112123742699623,-0.02112123742699623,0.02112123742699623,0
277,jungle_test_contiguous,complete_dataset/self_driving_car_dataset_jungle/IMG/center_2022_04_10_12_45_00_754.jpg,-0.05,-0.08782347291707993,-0.03782347291707992,0.03782347291707992,0
278,jungle_test_contiguous,complete_dataset/self_driving_car_dataset_jungle/IMG/center_2022_04_10_12_45_00_821.jpg,-0.25,0.06505997478961945,0.31505997478961945,0.31505997478961945,0
279,jungle_test_contiguous,complete_dataset/self_driving_car_dataset_jungle/IMG/center_2022_04_10_12_45_00_891.jpg,0.0,-0.0072875842452049255,-0.0072875842452049255,0.0072875842452049255,0
280,jungle_test_contiguous,complete_dataset/self_driving_car_dataset_jungle/IMG/center_2022_04_10_12_45_00_958.jpg,0.0,-0.10970136523246765,-0.10970136523246765,0.10970136523246765,0
281,jungle_test_contiguous,complete_dataset/self_driving_car_dataset_jungle/IMG/center_2022_04_10_12_45_01_026.jpg,0.0,-0.1895669549703598,-0.1895669549703598,0.1895669549703598,0
282,jungle_test_contiguous,complete_dataset/self_driving_car_dataset_jungle/IMG/center_2022_04_10_12_45_01_095.jpg,-0.1,-0.14528970420360565,-0.045289704203605646,0.045289704203605646,0
283,jungle_test_contiguous,complete_dataset/self_driving_car_dataset_jungle/IMG/center_2022_04_10_12_45_01_162.jpg,-0.3,-0.11201152950525284,0.18798847049474715,0.18798847049474715,0
284,jungle_test_contiguous,complete_dataset/self_driving_car_dataset_jungle/IMG/center_2022_04_10_12_45_01_230.jpg,0.0,-0.05280251055955887,-0.05280251055955887,0.05280251055955887,0
285,jungle_test_contiguous,complete_dataset/self_driving_car_dataset_jungle/IMG/center_2022_04_10_12_45_01_300.jpg,0.0,0.009019291959702969,0.009019291959702969,0.009019291959702969,0
286,jungle_test_contiguous,complete_dataset/self_driving_car_dataset_jungle/IMG/center_2022_04_10_12_45_01_369.jpg,0.0,-0.026789141818881035,-0.026789141818881035,0.026789141818881035,0
287,jungle_test_contiguous,complete_dataset/self_driving_car_dataset_jungle/IMG/center_2022_04_10_12_45_01_438.jpg,0.0,-0.01591707393527031,-0.01591707393527031,0.01591707393527031,0
288,jungle_test_contiguous,complete_dataset/self_driving_car_dataset_jungle/IMG/center_2022_04_10_12_45_01_505.jpg,0.0,-0.062190160155296326,-0.062190160155296326,0.062190160155296326,0
289,jungle_test_contiguous,complete_dataset/self_driving_car_dataset_jungle/IMG/center_2022_04_10_12_45_01_574.jpg,0.0,-0.037988800555467606,-0.037988800555467606,0.037988800555467606,0
290,jungle_test_contiguous,complete_dataset/self_driving_car_dataset_jungle/IMG/center_2022_04_10_12_45_01_644.jpg,0.2,0.011737139895558357,-0.18826286010444165,0.18826286010444165,0
291,jungle_test_contiguous,complete_dataset/self_driving_car_dataset_jungle/IMG/center_2022_04_10_12_45_01_713.jpg,0.0,0.054786309599876404,0.054786309599876404,0.054786309599876404,0
292,jungle_test_contiguous,complete_dataset/self_driving_car_dataset_jungle/IMG/center_2022_04_10_12_45_01_783.jpg,0.0,0.11251000314950943,0.11251000314950943,0.11251000314950943,0
293,jungle_test_contiguous,complete_dataset/self_driving_car_dataset_jungle/IMG/center_2022_04_10_12_45_01_851.jpg,0.15,0.2198059856891632,0.06980598568916321,0.06980598568916321,0
294,jungle_test_contiguous,complete_dataset/self_driving_car_dataset_jungle/IMG/center_2022_04_10_12_45_01_921.jpg,0.35,0.11698964983224869,-0.2330103501677513,0.2330103501677513,0
295,jungle_test_contiguous,complete_dataset/self_driving_car_dataset_jungle/IMG/center_2022_04_10_12_45_01_990.jpg,0.0,0.19164656102657318,0.19164656102657318,0.19164656102657318,0
296,jungle_test_contiguous,complete_dataset/self_driving_car_dataset_jungle/IMG/center_2022_04_10_12_45_02_057.jpg,0.0,0.06187198683619499,0.06187198683619499,0.06187198683619499,0
297,jungle_test_contiguous,complete_dataset/self_driving_car_dataset_jungle/IMG/center_2022_04_10_12_45_02_125.jpg,0.0,0.1729399412870407,0.1729399412870407,0.1729399412870407,0
298,jungle_test_contiguous,complete_dataset/self_driving_car_dataset_jungle/IMG/center_2022_04_10_12_45_02_192.jpg,0.0,0.2755432426929474,0.2755432426929474,0.2755432426929474,0
299,jungle_test_contiguous,complete_dataset/self_driving_car_dataset_jungle/IMG/center_2022_04_10_12_45_02_262.jpg,-0.15,0.22693035006523132,0.37693035006523135,0.37693035006523135,0
300,jungle_test_contiguous,complete_dataset/self_driving_car_dataset_jungle/IMG/center_2022_04_10_12_45_02_331.jpg,-0.3,0.2195553481578827,0.5195553481578827,0.5195553481578827,0
301,jungle_test_contiguous,complete_dataset/self_driving_car_dataset_jungle/IMG/center_2022_04_10_12_45_02_399.jpg,0.0,0.126583531498909,0.126583531498909,0.126583531498909,0
302,jungle_test_contiguous,complete_dataset/self_driving_car_dataset_jungle/IMG/center_2022_04_10_12_45_02_470.jpg,0.0,0.046944551169872284,0.046944551169872284,0.046944551169872284,0
303,jungle_test_contiguous,complete_dataset/self_driving_car_dataset_jungle/IMG/center_2022_04_10_12_45_02_539.jpg,0.0,-0.0656435564160347,-0.0656435564160347,0.0656435564160347,0
304,jungle_test_contiguous,complete_dataset/self_driving_car_dataset_jungle/IMG/center_2022_04_10_12_45_02_606.jpg,0.0,-0.1300526261329651,-0.1300526261329651,0.1300526261329651,0
305,jungle_test_contiguous,complete_dataset/self_driving_car_dataset_jungle/IMG/center_2022_04_10_12_45_02_674.jpg,0.0,-0.24554701149463654,-0.24554701149463654,0.24554701149463654,0
306,jungle_test_contiguous,complete_dataset/self_driving_car_dataset_jungle/IMG/center_2022_04_10_12_45_02_741.jpg,-0.05,-0.17133091390132904,-0.12133091390132904,0.12133091390132904,0
307,jungle_test_contiguous,complete_dataset/self_driving_car_dataset_jungle/IMG/center_2022_04_10_12_45_02_810.jpg,-0.2,-0.14084094762802124,0.05915905237197877,0.05915905237197877,0
308,jungle_test_contiguous,complete_dataset/self_driving_car_dataset_jungle/IMG/center_2022_04_10_12_45_02_878.jpg,0.0,-0.09085635840892792,-0.09085635840892792,0.09085635840892792,0
309,jungle_test_contiguous,complete_dataset/self_driving_car_dataset_jungle/IMG/center_2022_04_10_12_45_02_946.jpg,-0.1,-0.0507158488035202,0.0492841511964798,0.0492841511964798,0
310,jungle_test_contiguous,complete_dataset/self_driving_car_dataset_jungle/IMG/center_2022_04_10_12_45_03_013.jpg,-0.25,-0.10123132914304733,0.14876867085695267,0.14876867085695267,0
311,jungle_test_contiguous,complete_dataset/self_driving_car_dataset_jungle/IMG/center_2022_04_10_12_45_03_082.jpg,-0.45,-0.2132510542869568,0.23674894571304322,0.23674894571304322,0
312,jungle_test_contiguous,complete_dataset/self_driving_car_dataset_jungle/IMG/center_2022_04_10_12_45_03_150.jpg,0.0,-0.5153160691261292,-0.5153160691261292,0.5153160691261292,0
313,jungle_test_contiguous,complete_dataset/self_driving_car_dataset_jungle/IMG/center_2022_04_10_12_45_03_219.jpg,-0.1,-0.7855060696601868,-0.6855060696601868,0.6855060696601868,1
314,jungle_test_contiguous,complete_dataset/self_driving_car_dataset_jungle/IMG/center_2022_04_10_12_45_03_289.jpg,-0.25,-0.9257550835609436,-0.6757550835609436,0.6757550835609436,1
315,jungle_test_contiguous,complete_dataset/self_driving_car_dataset_jungle/IMG/center_2022_04_10_12_45_03_358.jpg,-0.45,-0.9474089741706848,-0.4974089741706848,0.4974089741706848,1
316,jungle_test_contiguous,complete_dataset/self_driving_car_dataset_jungle/IMG/center_2022_04_10_12_45_03_426.jpg,-0.6000001,-0.8812074065208435,-0.28120730652084347,0.28120730652084347,1
317,jungle_test_contiguous,complete_dataset/self_driving_car_dataset_jungle/IMG/center_2022_04_10_12_45_03_494.jpg,-0.7500002,-0.8338237404823303,-0.08382354048233032,0.08382354048233032,0
318,jungle_test_contiguous,complete_dataset/self_driving_car_dataset_jungle/IMG/center_2022_04_10_12_45_03_563.jpg,-0.9500002,-0.694378137588501,0.255622062411499,0.255622062411499,1
319,jungle_test_contiguous,complete_dataset/self_driving_car_dataset_jungle/IMG/center_2022_04_10_12_45_03_631.jpg,-1.0,-0.7908981442451477,0.2091018557548523,0.2091018557548523,1
320,jungle_test_contiguous,complete_dataset/self_driving_car_dataset_jungle/IMG/center_2022_04_10_12_45_03_701.jpg,0.0,-0.879006564617157,-0.879006564617157,0.879006564617157,1
321,jungle_test_contiguous,complete_dataset/self_driving_car_dataset_jungle/IMG/center_2022_04_10_12_45_03_769.jpg,0.0,-0.7077627182006836,-0.7077627182006836,0.7077627182006836,1
322,jungle_test_contiguous,complete_dataset/self_driving_car_dataset_jungle/IMG/center_2022_04_10_12_45_03_838.jpg,0.0,-0.5504205822944641,-0.5504205822944641,0.5504205822944641,1
323,jungle_test_contiguous,complete_dataset/self_driving_car_dataset_jungle/IMG/center_2022_04_10_12_45_03_906.jpg,0.0,-0.3511557877063751,-0.3511557877063751,0.3511557877063751,1
324,jungle_test_contiguous,complete_dataset/self_driving_car_dataset_jungle/IMG/center_2022_04_10_12_45_03_974.jpg,0.0,-0.06868589669466019,-0.06868589669466019,0.06868589669466019,1
325,jungle_test_contiguous,complete_dataset/self_driving_car_dataset_jungle/IMG/center_2022_04_10_12_45_04_043.jpg,0.0,0.21953526139259338,0.21953526139259338,0.21953526139259338,1
326,jungle_test_contiguous,complete_dataset/self_driving_car_dataset_jungle/IMG/center_2022_04_10_12_45_04_110.jpg,0.0,0.21457289159297943,0.21457289159297943,0.21457289159297943,1
327,jungle_test_contiguous,complete_dataset/self_driving_car_dataset_jungle/IMG/center_2022_04_10_12_45_04_180.jpg,0.05,0.3216622471809387,0.27166224718093873,0.27166224718093873,1
328,jungle_test_contiguous,complete_dataset/self_driving_car_dataset_jungle/IMG/center_2022_04_10_12_45_04_248.jpg,0.2,0.35063692927360535,0.15063692927360534,0.15063692927360534,1
329,jungle_test_contiguous,complete_dataset/self_driving_car_dataset_jungle/IMG/center_2022_04_10_12_45_04_317.jpg,0.0,0.28271812200546265,0.28271812200546265,0.28271812200546265,1
330,jungle_test_contiguous,complete_dataset/self_driving_car_dataset_jungle/IMG/center_2022_04_10_12_45_04_384.jpg,0.0,0.1746680736541748,0.1746680736541748,0.1746680736541748,1
331,jungle_test_contiguous,complete_dataset/self_driving_car_dataset_jungle/IMG/center_2022_04_10_12_45_04_453.jpg,0.1,0.5188561677932739,0.41885616779327395,0.41885616779327395,1
332,jungle_test_contiguous,complete_dataset/self_driving_car_dataset_jungle/IMG/center_2022_04_10_12_45_04_523.jpg,0.3,0.825034499168396,0.525034499168396,0.525034499168396,1
333,jungle_test_contiguous,complete_dataset/self_driving_car_dataset_jungle/IMG/center_2022_04_10_12_45_04_590.jpg,0.45,0.9000428915023804,0.45004289150238036,0.45004289150238036,1
334,jungle_test_contiguous,complete_dataset/self_driving_car_dataset_jungle/IMG/center_2022_04_10_12_45_04_657.jpg,0.6500001,0.9394641518592834,0.2894640518592835,0.2894640518592835,1
335,jungle_test_contiguous,complete_dataset/self_driving_car_dataset_jungle/IMG/center_2022_04_10_12_45_04_724.jpg,0.8000001,0.9583065509796143,0.15830645097961427,0.15830645097961427,1
336,jungle_test_contiguous,complete_dataset/self_driving_car_dataset_jungle/IMG/center_2022_04_10_12_45_04_791.jpg,0.9500002,0.9171441793441772,-0.032856020655822715,0.032856020655822715,1
337,jungle_test_contiguous,complete_dataset/self_driving_car_dataset_jungle/IMG/center_2022_04_10_12_45_04_861.jpg,1.0,0.9002134799957275,-0.09978652000427246,0.09978652000427246,1
338,jungle_test_contiguous,complete_dataset/self_driving_car_dataset_jungle/IMG/center_2022_04_10_12_45_04_928.jpg,1.0,0.7593200206756592,-0.24067997932434082,0.24067997932434082,1
339,jungle_test_contiguous,complete_dataset/self_driving_car_dataset_jungle/IMG/center_2022_04_10_12_45_04_996.jpg,1.0,0.8850113153457642,-0.11498868465423584,0.11498868465423584,1
340,jungle_test_contiguous,complete_dataset/self_driving_car_dataset_jungle/IMG/center_2022_04_10_12_45_05_064.jpg,1.0,0.9148297309875488,-0.08517026901245117,0.08517026901245117,1
341,jungle_test_contiguous,complete_dataset/self_driving_car_dataset_jungle/IMG/center_2022_04_10_12_45_05_132.jpg,1.0,0.9187471866607666,-0.0812528133392334,0.0812528133392334,0
342,jungle_test_contiguous,complete_dataset/self_driving_car_dataset_jungle/IMG/center_2022_04_10_12_45_05_200.jpg,1.0,0.8422828912734985,-0.15771710872650146,0.15771710872650146,0
343,jungle_test_contiguous,complete_dataset/self_driving_car_dataset_jungle/IMG/center_2022_04_10_12_45_05_268.jpg,1.0,0.5528205633163452,-0.4471794366836548,0.4471794366836548,1
344,jungle_test_contiguous,complete_dataset/self_driving_car_dataset_jungle/IMG/center_2022_04_10_12_45_05_335.jpg,0.0,0.1496724933385849,0.1496724933385849,0.1496724933385849,1
345,jungle_test_contiguous,complete_dataset/self_driving_car_dataset_jungle/IMG/center_2022_04_10_12_45_05_404.jpg,0.0,0.22395266592502594,0.22395266592502594,0.22395266592502594,1
346,jungle_test_contiguous,complete_dataset/self_driving_car_dataset_jungle/IMG/center_2022_04_10_12_45_05_473.jpg,-0.1,0.06827353686094284,0.16827353686094285,0.16827353686094285,1
347,jungle_test_contiguous,complete_dataset/self_driving_car_dataset_jungle/IMG/center_2022_04_10_12_45_05_541.jpg,-0.3,0.04592174291610718,0.34592174291610717,0.34592174291610717,1
348,jungle_test_contiguous,complete_dataset/self_driving_car_dataset_jungle/IMG/center_2022_04_10_12_45_05_609.jpg,0.0,-0.10518874228000641,-0.10518874228000641,0.10518874228000641,1
349,jungle_test_contiguous,complete_dataset/self_driving_car_dataset_jungle/IMG/center_2022_04_10_12_45_05_678.jpg,0.0,-0.014027680270373821,-0.014027680270373821,0.014027680270373821,1
350,jungle_test_contiguous,complete_dataset/self_driving_car_dataset_jungle/IMG/center_2022_04_10_12_45_05_745.jpg,0.0,-0.051247693598270416,-0.051247693598270416,0.051247693598270416,1
351,jungle_test_contiguous,complete_dataset/self_driving_car_dataset_jungle/IMG/center_2022_04_10_12_45_05_813.jpg,0.15,-0.07484965026378632,-0.2248496502637863,0.2248496502637863,1
352,jungle_test_contiguous,complete_dataset/self_driving_car_dataset_jungle/IMG/center_2022_04_10_12_45_05_880.jpg,0.35,0.19772396981716156,-0.15227603018283842,0.15227603018283842,1
353,jungle_test_contiguous,complete_dataset/self_driving_car_dataset_jungle/IMG/center_2022_04_10_12_45_05_950.jpg,0.5000001,0.33237701654434204,-0.1676230834556579,0.1676230834556579,1
354,jungle_test_contiguous,complete_dataset/self_driving_car_dataset_jungle/IMG/center_2022_04_10_12_45_06_018.jpg,0.7,0.19357901811599731,-0.5064209818840026,0.5064209818840026,1
355,jungle_test_contiguous,complete_dataset/self_driving_car_dataset_jungle/IMG/center_2022_04_10_12_45_06_085.jpg,0.8500001,0.001236009644344449,-0.8487640903556556,0.8487640903556556,1
356,jungle_test_contiguous,complete_dataset/self_driving_car_dataset_jungle/IMG/center_2022_04_10_12_45_06_153.jpg,1.0,0.02660604752600193,-0.9733939524739981,0.9733939524739981,1
357,jungle_test_contiguous,complete_dataset/self_driving_car_dataset_jungle/IMG/center_2022_04_10_12_45_06_222.jpg,1.0,0.29388055205345154,-0.7061194479465485,0.7061194479465485,1
358,jungle_test_contiguous,complete_dataset/self_driving_car_dataset_jungle/IMG/center_2022_04_10_12_45_06_291.jpg,1.0,0.13360004127025604,-0.866399958729744,0.866399958729744,1
359,jungle_test_contiguous,complete_dataset/self_driving_car_dataset_jungle/IMG/center_2022_04_10_12_45_06_360.jpg,0.0,0.25261417031288147,0.25261417031288147,0.25261417031288147,1
360,jungle_test_contiguous,complete_dataset/self_driving_car_dataset_jungle/IMG/center_2022_04_10_12_45_06_428.jpg,0.0,0.2671680152416229,0.2671680152416229,0.2671680152416229,1
361,jungle_test_contiguous,complete_dataset/self_driving_car_dataset_jungle/IMG/center_2022_04_10_12_45_06_495.jpg,0.0,0.11309559643268585,0.11309559643268585,0.11309559643268585,1
362,jungle_test_contiguous,complete_dataset/self_driving_car_dataset_jungle/IMG/center_2022_04_10_12_45_06_563.jpg,0.0,-0.03174533694982529,-0.03174533694982529,0.03174533694982529,1
363,jungle_test_contiguous,complete_dataset/self_driving_car_dataset_jungle/IMG/center_2022_04_10_12_45_06_632.jpg,0.0,0.029803328216075897,0.029803328216075897,0.029803328216075897,1
364,jungle_test_contiguous,complete_dataset/self_driving_car_dataset_jungle/IMG/center_2022_04_10_12_45_06_699.jpg,0.0,0.09987197816371918,0.09987197816371918,0.09987197816371918,1
365,jungle_test_contiguous,complete_dataset/self_driving_car_dataset_jungle/IMG/center_2022_04_10_12_45_06_766.jpg,0.0,0.16780811548233032,0.16780811548233032,0.16780811548233032,1
366,jungle_test_contiguous,complete_dataset/self_driving_car_dataset_jungle/IMG/center_2022_04_10_12_45_06_834.jpg,0.1,0.12133681029081345,0.02133681029081344,0.02133681029081344,1
367,jungle_test_contiguous,complete_dataset/self_driving_car_dataset_jungle/IMG/center_2022_04_10_12_45_06_901.jpg,0.3,0.26204779744148254,-0.037952202558517445,0.037952202558517445,1
368,jungle_test_contiguous,complete_dataset/self_driving_car_dataset_jungle/IMG/center_2022_04_10_12_45_06_968.jpg,0.0,0.36961600184440613,0.36961600184440613,0.36961600184440613,1
369,jungle_test_contiguous,complete_dataset/self_driving_car_dataset_jungle/IMG/center_2022_04_10_12_45_07_036.jpg,0.1,0.30937039852142334,0.20937039852142333,0.20937039852142333,1
370,jungle_test_contiguous,complete_dataset/self_driving_car_dataset_jungle/IMG/center_2022_04_10_12_45_07_103.jpg,0.3,0.491832435131073,0.191832435131073,0.191832435131073,1
371,jungle_test_contiguous,complete_dataset/self_driving_car_dataset_jungle/IMG/center_2022_04_10_12_45_07_172.jpg,0.45,0.4678289294242859,0.017828929424285878,0.017828929424285878,0
372,jungle_test_contiguous,complete_dataset/self_driving_car_dataset_jungle/IMG/center_2022_04_10_12_45_07_241.jpg,0.6500001,0.5223580598831177,-0.1276420401168823,0.1276420401168823,0
373,jungle_test_contiguous,complete_dataset/self_driving_car_dataset_jungle/IMG/center_2022_04_10_12_45_07_309.jpg,0.8000001,0.38725292682647705,-0.41274717317352294,0.41274717317352294,0
374,jungle_test_contiguous,complete_dataset/self_driving_car_dataset_jungle/IMG/center_2022_04_10_12_45_07_375.jpg,1.0,0.4838453233242035,-0.5161546766757965,0.5161546766757965,0
375,jungle_test_contiguous,complete_dataset/self_driving_car_dataset_jungle/IMG/center_2022_04_10_12_45_07_444.jpg,1.0,0.5346566438674927,-0.4653433561325073,0.4653433561325073,0
376,jungle_test_contiguous,complete_dataset/self_driving_car_dataset_jungle/IMG/center_2022_04_10_12_45_07_513.jpg,0.0,0.2625696659088135,0.2625696659088135,0.2625696659088135,0
377,jungle_test_contiguous,complete_dataset/self_driving_car_dataset_jungle/IMG/center_2022_04_10_12_45_07_584.jpg,0.0,0.41027069091796875,0.41027069091796875,0.41027069091796875,1
378,jungle_test_contiguous,complete_dataset/self_driving_car_dataset_jungle/IMG/center_2022_04_10_12_45_07_652.jpg,0.0,0.3251864016056061,0.3251864016056061,0.3251864016056061,1
379,jungle_test_contiguous,complete_dataset/self_driving_car_dataset_jungle/IMG/center_2022_04_10_12_45_07_721.jpg,0.2,0.2528703212738037,0.0528703212738037,0.0528703212738037,1
380,jungle_test_contiguous,complete_dataset/self_driving_car_dataset_jungle/IMG/center_2022_04_10_12_45_07_790.jpg,0.35,0.28537842631340027,-0.06462157368659971,0.06462157368659971,1
381,jungle_test_contiguous,complete_dataset/self_driving_car_dataset_jungle/IMG/center_2022_04_10_12_45_07_861.jpg,0.5500001,0.2545185685157776,-0.2954815314842224,0.2954815314842224,0
382,jungle_test_contiguous,complete_dataset/self_driving_car_dataset_jungle/IMG/center_2022_04_10_12_45_07_927.jpg,0.7,0.3341919779777527,-0.36580802202224727,0.36580802202224727,0
383,jungle_test_contiguous,complete_dataset/self_driving_car_dataset_jungle/IMG/center_2022_04_10_12_45_07_997.jpg,0.9000002,0.48852431774139404,-0.411475882258606,0.411475882258606,1
384,jungle_test_contiguous,complete_dataset/self_driving_car_dataset_jungle/IMG/center_2022_04_10_12_45_08_069.jpg,1.0,0.6317409873008728,-0.3682590126991272,0.3682590126991272,0
385,jungle_test_contiguous,complete_dataset/self_driving_car_dataset_jungle/IMG/center_2022_04_10_12_45_08_136.jpg,1.0,0.5346628427505493,-0.4653371572494507,0.4653371572494507,1
386,jungle_test_contiguous,complete_dataset/self_driving_car_dataset_jungle/IMG/center_2022_04_10_12_45_08_203.jpg,1.0,0.12081791460514069,-0.8791820853948593,0.8791820853948593,1
387,jungle_test_contiguous,complete_dataset/self_driving_car_dataset_jungle/IMG/center_2022_04_10_12_45_08_275.jpg,0.0,0.07374118268489838,0.07374118268489838,0.07374118268489838,1
388,jungle_test_contiguous,complete_dataset/self_driving_car_dataset_jungle/IMG/center_2022_04_10_12_45_08_345.jpg,0.0,0.12110781669616699,0.12110781669616699,0.12110781669616699,1
389,jungle_test_contiguous,complete_dataset/self_driving_car_dataset_jungle/IMG/center_2022_04_10_12_45_08_413.jpg,0.0,0.09922260791063309,0.09922260791063309,0.09922260791063309,1
390,jungle_test_contiguous,complete_dataset/self_driving_car_dataset_jungle/IMG/center_2022_04_10_12_45_08_482.jpg,0.0,0.14856325089931488,0.14856325089931488,0.14856325089931488,1
391,jungle_test_contiguous,complete_dataset/self_driving_car_dataset_jungle/IMG/center_2022_04_10_12_45_08_552.jpg,0.0,0.14848095178604126,0.14848095178604126,0.14848095178604126,0
392,jungle_test_contiguous,complete_dataset/self_driving_car_dataset_jungle/IMG/center_2022_04_10_12_45_08_624.jpg,0.2,0.1739838570356369,-0.02601614296436311,0.02601614296436311,0
393,jungle_test_contiguous,complete_dataset/self_driving_car_dataset_jungle/IMG/center_2022_04_10_12_45_08_694.jpg,0.35,0.1871502548456192,-0.16284974515438078,0.16284974515438078,0
394,jungle_test_contiguous,complete_dataset/self_driving_car_dataset_jungle/IMG/center_2022_04_10_12_45_08_762.jpg,0.0,0.23451820015907288,0.23451820015907288,0.23451820015907288,0
395,jungle_test_contiguous,complete_dataset/self_driving_car_dataset_jungle/IMG/center_2022_04_10_12_45_08_830.jpg,0.0,0.2742047607898712,0.2742047607898712,0.2742047607898712,0
396,jungle_test_contiguous,complete_dataset/self_driving_car_dataset_jungle/IMG/center_2022_04_10_12_45_08_899.jpg,0.15,0.24881474673748016,0.09881474673748017,0.09881474673748017,0
397,jungle_test_contiguous,complete_dataset/self_driving_car_dataset_jungle/IMG/center_2022_04_10_12_45_08_970.jpg,0.3,0.29105448722839355,-0.008945512771606434,0.008945512771606434,0
398,jungle_test_contiguous,complete_dataset/self_driving_car_dataset_jungle/IMG/center_2022_04_10_12_45_09_043.jpg,0.5000001,0.2577577829360962,-0.24224231706390376,0.24224231706390376,0
399,jungle_test_contiguous,complete_dataset/self_driving_car_dataset_jungle/IMG/center_2022_04_10_12_45_09_113.jpg,0.6500001,0.27155205607414246,-0.3784480439258575,0.3784480439258575,0
400,jungle_test_contiguous,complete_dataset/self_driving_car_dataset_jungle/IMG/center_2022_04_10_12_45_09_183.jpg,0.8500001,0.20928798615932465,-0.6407121138406754,0.6407121138406754,0
401,jungle_test_contiguous,complete_dataset/self_driving_car_dataset_jungle/IMG/center_2022_04_10_12_45_09_251.jpg,0.0,0.013298135250806808,0.013298135250806808,0.013298135250806808,0
402,jungle_test_contiguous,complete_dataset/self_driving_car_dataset_jungle/IMG/center_2022_04_10_12_45_09_319.jpg,0.0,0.010467260144650936,0.010467260144650936,0.010467260144650936,0
403,jungle_test_contiguous,complete_dataset/self_driving_car_dataset_jungle/IMG/center_2022_04_10_12_45_09_386.jpg,0.0,0.06685840338468552,0.06685840338468552,0.06685840338468552,0
404,jungle_test_contiguous,complete_dataset/self_driving_car_dataset_jungle/IMG/center_2022_04_10_12_45_09_454.jpg,0.0,0.10389046370983124,0.10389046370983124,0.10389046370983124,0
405,jungle_test_contiguous,complete_dataset/self_driving_car_dataset_jungle/IMG/center_2022_04_10_12_45_09_525.jpg,0.0,0.1476818323135376,0.1476818323135376,0.1476818323135376,0
406,jungle_test_contiguous,complete_dataset/self_driving_car_dataset_jungle/IMG/center_2022_04_10_12_45_09_597.jpg,0.05,0.08461833000183105,0.03461833000183105,0.03461833000183105,0
407,jungle_test_contiguous,complete_dataset/self_driving_car_dataset_jungle/IMG/center_2022_04_10_12_45_09_669.jpg,0.2,0.10528579354286194,-0.09471420645713807,0.09471420645713807,0
408,jungle_test_contiguous,complete_dataset/self_driving_car_dataset_jungle/IMG/center_2022_04_10_12_45_09_739.jpg,0.0,0.20138683915138245,0.20138683915138245,0.20138683915138245,0
409,jungle_test_contiguous,complete_dataset/self_driving_car_dataset_jungle/IMG/center_2022_04_10_12_45_09_809.jpg,0.0,0.3425527811050415,0.3425527811050415,0.3425527811050415,0
410,jungle_test_contiguous,complete_dataset/self_driving_car_dataset_jungle/IMG/center_2022_04_10_12_45_09_880.jpg,0.05,0.22422748804092407,0.17422748804092408,0.17422748804092408,0
411,jungle_test_contiguous,complete_dataset/self_driving_car_dataset_jungle/IMG/center_2022_04_10_12_45_09_949.jpg,0.2,0.22572669386863708,0.025726693868637074,0.025726693868637074,0
412,jungle_test_contiguous,complete_dataset/self_driving_car_dataset_jungle/IMG/center_2022_04_10_12_45_10_021.jpg,0.0,0.15481436252593994,0.15481436252593994,0.15481436252593994,0
413,jungle_test_contiguous,complete_dataset/self_driving_car_dataset_jungle/IMG/center_2022_04_10_12_45_10_090.jpg,0.0,0.13391542434692383,0.13391542434692383,0.13391542434692383,0
414,jungle_test_contiguous,complete_dataset/self_driving_car_dataset_jungle/IMG/center_2022_04_10_12_45_10_162.jpg,0.2,0.11891964077949524,-0.08108035922050477,0.08108035922050477,0
415,jungle_test_contiguous,complete_dataset/self_driving_car_dataset_jungle/IMG/center_2022_04_10_12_45_10_228.jpg,0.0,0.09187144041061401,0.09187144041061401,0.09187144041061401,0
416,jungle_test_contiguous,complete_dataset/self_driving_car_dataset_jungle/IMG/center_2022_04_10_12_45_10_297.jpg,0.0,0.04229998216032982,0.04229998216032982,0.04229998216032982,0
417,jungle_test_contiguous,complete_dataset/self_driving_car_dataset_jungle/IMG/center_2022_04_10_12_45_10_370.jpg,0.0,-0.004312917124480009,-0.004312917124480009,0.004312917124480009,0
418,jungle_test_contiguous,complete_dataset/self_driving_car_dataset_jungle/IMG/center_2022_04_10_12_45_10_440.jpg,0.0,-0.062240730971097946,-0.062240730971097946,0.062240730971097946,0
419,jungle_test_contiguous,complete_dataset/self_driving_car_dataset_jungle/IMG/center_2022_04_10_12_45_10_507.jpg,0.0,-0.11483432352542877,-0.11483432352542877,0.11483432352542877,0
420,jungle_test_contiguous,complete_dataset/self_driving_car_dataset_jungle/IMG/center_2022_04_10_12_45_10_581.jpg,0.0,-0.13931339979171753,-0.13931339979171753,0.13931339979171753,0
421,jungle_test_contiguous,complete_dataset/self_driving_car_dataset_jungle/IMG/center_2022_04_10_12_45_10_649.jpg,0.0,-0.15185289084911346,-0.15185289084911346,0.15185289084911346,0
422,jungle_test_contiguous,complete_dataset/self_driving_car_dataset_jungle/IMG/center_2022_04_10_12_45_10_717.jpg,0.0,-0.1388585865497589,-0.1388585865497589,0.1388585865497589,0
423,jungle_test_contiguous,complete_dataset/self_driving_car_dataset_jungle/IMG/center_2022_04_10_12_45_10_785.jpg,0.0,-0.13247936964035034,-0.13247936964035034,0.13247936964035034,0
424,jungle_test_contiguous,complete_dataset/self_driving_car_dataset_jungle/IMG/center_2022_04_10_12_45_10_853.jpg,-0.1,-0.08448845893144608,0.01551154106855393,0.01551154106855393,0
425,jungle_test_contiguous,complete_dataset/self_driving_car_dataset_jungle/IMG/center_2022_04_10_12_45_10_921.jpg,-0.3,-0.02497604489326477,0.2750239551067352,0.2750239551067352,0
426,jungle_test_contiguous,complete_dataset/self_driving_car_dataset_jungle/IMG/center_2022_04_10_12_45_10_988.jpg,0.0,-0.011777224950492382,-0.011777224950492382,0.011777224950492382,0
427,jungle_test_contiguous,complete_dataset/self_driving_car_dataset_jungle/IMG/center_2022_04_10_12_45_11_061.jpg,0.0,-0.00483822263777256,-0.00483822263777256,0.00483822263777256,0
428,jungle_test_contiguous,complete_dataset/self_driving_car_dataset_jungle/IMG/center_2022_04_10_12_45_11_131.jpg,0.0,0.03622917830944061,0.03622917830944061,0.03622917830944061,0
429,jungle_test_contiguous,complete_dataset/self_driving_car_dataset_jungle/IMG/center_2022_04_10_12_45_11_200.jpg,0.0,-0.022141624242067337,-0.022141624242067337,0.022141624242067337,0
430,jungle_test_contiguous,complete_dataset/self_driving_car_dataset_jungle/IMG/center_2022_04_10_12_45_11_269.jpg,0.0,-0.0719929188489914,-0.0719929188489914,0.0719929188489914,0
431,jungle_test_contiguous,complete_dataset/self_driving_car_dataset_jungle/IMG/center_2022_04_10_12_45_11_340.jpg,0.2,-0.07097439467906952,-0.27097439467906953,0.27097439467906953,0
432,jungle_test_contiguous,complete_dataset/self_driving_car_dataset_jungle/IMG/center_2022_04_10_12_45_11_411.jpg,0.0,0.04030271992087364,0.04030271992087364,0.04030271992087364,0
433,jungle_test_contiguous,complete_dataset/self_driving_car_dataset_jungle/IMG/center_2022_04_10_12_45_11_480.jpg,0.0,0.034591443836688995,0.034591443836688995,0.034591443836688995,0
434,jungle_test_contiguous,complete_dataset/self_driving_car_dataset_jungle/IMG/center_2022_04_10_12_45_11_552.jpg,0.0,-0.00382646219804883,-0.00382646219804883,0.00382646219804883,0
435,jungle_test_contiguous,complete_dataset/self_driving_car_dataset_jungle/IMG/center_2022_04_10_12_45_11_620.jpg,0.0,-0.12287268787622452,-0.12287268787622452,0.12287268787622452,0
436,jungle_test_contiguous,complete_dataset/self_driving_car_dataset_jungle/IMG/center_2022_04_10_12_45_11_688.jpg,0.0,-0.10582156479358673,-0.10582156479358673,0.10582156479358673,0
437,jungle_test_contiguous,complete_dataset/self_driving_car_dataset_jungle/IMG/center_2022_04_10_12_45_11_756.jpg,0.0,-0.10910618305206299,-0.10910618305206299,0.10910618305206299,0
438,jungle_test_contiguous,complete_dataset/self_driving_car_dataset_jungle/IMG/center_2022_04_10_12_45_11_823.jpg,0.15,-0.012730143032968044,-0.16273014303296804,0.16273014303296804,0
439,jungle_test_contiguous,complete_dataset/self_driving_car_dataset_jungle/IMG/center_2022_04_10_12_45_11_896.jpg,0.0,-0.0359359048306942,-0.0359359048306942,0.0359359048306942,0
440,jungle_test_contiguous,complete_dataset/self_driving_car_dataset_jungle/IMG/center_2022_04_10_12_45_11_967.jpg,0.0,0.003963629249483347,0.003963629249483347,0.003963629249483347,0
441,jungle_test_contiguous,complete_dataset/self_driving_car_dataset_jungle/IMG/center_2022_04_10_12_45_12_035.jpg,0.0,0.04397733509540558,0.04397733509540558,0.04397733509540558,0
442,jungle_test_contiguous,complete_dataset/self_driving_car_dataset_jungle/IMG/center_2022_04_10_12_45_12_105.jpg,0.0,0.03829016536474228,0.03829016536474228,0.03829016536474228,0
443,jungle_test_contiguous,complete_dataset/self_driving_car_dataset_jungle/IMG/center_2022_04_10_12_45_12_175.jpg,0.0,0.034813303500413895,0.034813303500413895,0.034813303500413895,0
444,jungle_test_contiguous,complete_dataset/self_driving_car_dataset_jungle/IMG/center_2022_04_10_12_45_12_244.jpg,0.0,0.03738756105303764,0.03738756105303764,0.03738756105303764,0
445,jungle_test_contiguous,complete_dataset/self_driving_car_dataset_jungle/IMG/center_2022_04_10_12_45_12_310.jpg,0.0,-0.012174470350146294,-0.012174470350146294,0.012174470350146294,0
446,jungle_test_contiguous,complete_dataset/self_driving_car_dataset_jungle/IMG/center_2022_04_10_12_45_12_382.jpg,0.0,-0.008847054094076157,-0.008847054094076157,0.008847054094076157,0
447,jungle_test_contiguous,complete_dataset/self_driving_car_dataset_jungle/IMG/center_2022_04_10_12_45_12_450.jpg,0.0,0.005484684370458126,0.005484684370458126,0.005484684370458126,0
448,jungle_test_contiguous,complete_dataset/self_driving_car_dataset_jungle/IMG/center_2022_04_10_12_45_12_518.jpg,0.0,-0.02253960445523262,-0.02253960445523262,0.02253960445523262,0
449,jungle_test_contiguous,complete_dataset/self_driving_car_dataset_jungle/IMG/center_2022_04_10_12_45_12_590.jpg,0.0,-0.03371695429086685,-0.03371695429086685,0.03371695429086685,0
450,jungle_test_contiguous,complete_dataset/self_driving_car_dataset_jungle/IMG/center_2022_04_10_12_45_12_662.jpg,0.1,-0.03265342861413956,-0.13265342861413956,0.13265342861413956,0
451,jungle_test_contiguous,complete_dataset/self_driving_car_dataset_jungle/IMG/center_2022_04_10_12_45_12_729.jpg,0.25,-0.04307277128100395,-0.29307277128100395,0.29307277128100395,0
452,jungle_test_contiguous,complete_dataset/self_driving_car_dataset_jungle/IMG/center_2022_04_10_12_45_12_799.jpg,0.0,0.05050213262438774,0.05050213262438774,0.05050213262438774,0
453,jungle_test_contiguous,complete_dataset/self_driving_car_dataset_jungle/IMG/center_2022_04_10_12_45_12_870.jpg,0.0,0.15702185034751892,0.15702185034751892,0.15702185034751892,0
454,jungle_test_contiguous,complete_dataset/self_driving_car_dataset_jungle/IMG/center_2022_04_10_12_45_12_939.jpg,0.1,0.2531206011772156,0.15312060117721557,0.15312060117721557,0
455,jungle_test_contiguous,complete_dataset/self_driving_car_dataset_jungle/IMG/center_2022_04_10_12_45_13_009.jpg,0.25,0.2531050443649292,0.0031050443649291992,0.0031050443649291992,0
456,jungle_test_contiguous,complete_dataset/self_driving_car_dataset_jungle/IMG/center_2022_04_10_12_45_13_078.jpg,0.45,0.5316144227981567,0.08161442279815673,0.08161442279815673,0
457,jungle_test_contiguous,complete_dataset/self_driving_car_dataset_jungle/IMG/center_2022_04_10_12_45_13_145.jpg,0.6000001,0.45935294032096863,-0.1406471596790314,0.1406471596790314,0
458,jungle_test_contiguous,complete_dataset/self_driving_car_dataset_jungle/IMG/center_2022_04_10_12_45_13_212.jpg,0.0,0.37215349078178406,0.37215349078178406,0.37215349078178406,0
459,jungle_test_contiguous,complete_dataset/self_driving_car_dataset_jungle/IMG/center_2022_04_10_12_45_13_284.jpg,0.0,0.24650555849075317,0.24650555849075317,0.24650555849075317,0
460,jungle_test_contiguous,complete_dataset/self_driving_car_dataset_jungle/IMG/center_2022_04_10_12_45_13_352.jpg,0.0,-0.007851078175008297,-0.007851078175008297,0.007851078175008297,0
461,jungle_test_contiguous,complete_dataset/self_driving_car_dataset_jungle/IMG/center_2022_04_10_12_45_13_425.jpg,0.0,-0.032274287194013596,-0.032274287194013596,0.032274287194013596,0
462,jungle_test_contiguous,complete_dataset/self_driving_car_dataset_jungle/IMG/center_2022_04_10_12_45_13_497.jpg,0.2,0.004509483929723501,-0.1954905160702765,0.1954905160702765,0
463,jungle_test_contiguous,complete_dataset/self_driving_car_dataset_jungle/IMG/center_2022_04_10_12_45_13_565.jpg,0.35,0.029875759035348892,-0.3201242409646511,0.3201242409646511,0
464,jungle_test_contiguous,complete_dataset/self_driving_car_dataset_jungle/IMG/center_2022_04_10_12_45_13_634.jpg,0.5000001,0.012423493899405003,-0.48757660610059494,0.48757660610059494,0
465,jungle_test_contiguous,complete_dataset/self_driving_car_dataset_jungle/IMG/center_2022_04_10_12_45_13_705.jpg,0.7,0.015036436729133129,-0.6849635632708668,0.6849635632708668,0
466,jungle_test_contiguous,complete_dataset/self_driving_car_dataset_jungle/IMG/center_2022_04_10_12_45_13_773.jpg,0.0,0.13645079731941223,0.13645079731941223,0.13645079731941223,0
467,jungle_test_contiguous,complete_dataset/self_driving_car_dataset_jungle/IMG/center_2022_04_10_12_45_13_843.jpg,0.1,0.04531509801745415,-0.05468490198254586,0.05468490198254586,0
468,jungle_test_contiguous,complete_dataset/self_driving_car_dataset_jungle/IMG/center_2022_04_10_12_45_13_910.jpg,0.0,-0.030084751546382904,-0.030084751546382904,0.030084751546382904,0
469,jungle_test_contiguous,complete_dataset/self_driving_car_dataset_jungle/IMG/center_2022_04_10_12_45_13_981.jpg,-0.1,-0.22441384196281433,-0.12441384196281433,0.12441384196281433,1
470,jungle_test_contiguous,complete_dataset/self_driving_car_dataset_jungle/IMG/center_2022_04_10_12_45_14_049.jpg,-0.25,-0.3794260323047638,-0.1294260323047638,0.1294260323047638,0
471,jungle_test_contiguous,complete_dataset/self_driving_car_dataset_jungle/IMG/center_2022_04_10_12_45_14_118.jpg,-0.45,-0.3384895324707031,0.11151046752929689,0.11151046752929689,0
472,jungle_test_contiguous,complete_dataset/self_driving_car_dataset_jungle/IMG/center_2022_04_10_12_45_14_185.jpg,-0.6000001,-0.35469895601272583,0.2453011439872742,0.2453011439872742,0
473,jungle_test_contiguous,complete_dataset/self_driving_car_dataset_jungle/IMG/center_2022_04_10_12_45_14_255.jpg,-0.7500002,-0.33709877729415894,0.41290142270584107,0.41290142270584107,0
474,jungle_test_contiguous,complete_dataset/self_driving_car_dataset_jungle/IMG/center_2022_04_10_12_45_14_323.jpg,-0.9500002,-0.2346700131893158,0.7153301868106842,0.7153301868106842,0
475,jungle_test_contiguous,complete_dataset/self_driving_car_dataset_jungle/IMG/center_2022_04_10_12_45_14_394.jpg,0.0,-0.22266341745853424,-0.22266341745853424,0.22266341745853424,0
476,jungle_test_contiguous,complete_dataset/self_driving_car_dataset_jungle/IMG/center_2022_04_10_12_45_14_461.jpg,0.0,-0.15709134936332703,-0.15709134936332703,0.15709134936332703,0
477,jungle_test_contiguous,complete_dataset/self_driving_car_dataset_jungle/IMG/center_2022_04_10_12_45_14_528.jpg,0.0,-0.11964385211467743,-0.11964385211467743,0.11964385211467743,0
478,jungle_test_contiguous,complete_dataset/self_driving_car_dataset_jungle/IMG/center_2022_04_10_12_45_14_596.jpg,0.0,0.034699976444244385,0.034699976444244385,0.034699976444244385,0
479,jungle_test_contiguous,complete_dataset/self_driving_car_dataset_jungle/IMG/center_2022_04_10_12_45_14_667.jpg,-0.1,-0.010241206735372543,0.08975879326462746,0.08975879326462746,0
480,jungle_test_contiguous,complete_dataset/self_driving_car_dataset_jungle/IMG/center_2022_04_10_12_45_14_736.jpg,-0.25,0.01378356572240591,0.2637835657224059,0.2637835657224059,0
481,jungle_test_contiguous,complete_dataset/self_driving_car_dataset_jungle/IMG/center_2022_04_10_12_45_14_806.jpg,0.0,0.04416844621300697,0.04416844621300697,0.04416844621300697,0
482,jungle_test_contiguous,complete_dataset/self_driving_car_dataset_jungle/IMG/center_2022_04_10_12_45_14_877.jpg,-0.2,-0.12122538685798645,0.07877461314201356,0.07877461314201356,0
483,jungle_test_contiguous,complete_dataset/self_driving_car_dataset_jungle/IMG/center_2022_04_10_12_45_14_946.jpg,-0.35,-0.16127310693264008,0.1887268930673599,0.1887268930673599,0
484,jungle_test_contiguous,complete_dataset/self_driving_car_dataset_jungle/IMG/center_2022_04_10_12_45_15_017.jpg,0.0,-0.16362985968589783,-0.16362985968589783,0.16362985968589783,0
485,jungle_test_contiguous,complete_dataset/self_driving_car_dataset_jungle/IMG/center_2022_04_10_12_45_15_086.jpg,-0.1,-0.28198757767677307,-0.18198757767677307,0.18198757767677307,0
486,jungle_test_contiguous,complete_dataset/self_driving_car_dataset_jungle/IMG/center_2022_04_10_12_45_15_158.jpg,-0.3,-0.4432688355445862,-0.1432688355445862,0.1432688355445862,0
487,jungle_test_contiguous,complete_dataset/self_driving_car_dataset_jungle/IMG/center_2022_04_10_12_45_15_229.jpg,0.0,-0.5550287961959839,-0.5550287961959839,0.5550287961959839,0
488,jungle_test_contiguous,complete_dataset/self_driving_car_dataset_jungle/IMG/center_2022_04_10_12_45_15_301.jpg,-0.05,-0.6486251950263977,-0.5986251950263977,0.5986251950263977,0
489,jungle_test_contiguous,complete_dataset/self_driving_car_dataset_jungle/IMG/center_2022_04_10_12_45_15_368.jpg,-0.2,-0.713822603225708,-0.513822603225708,0.513822603225708,0
490,jungle_test_contiguous,complete_dataset/self_driving_car_dataset_jungle/IMG/center_2022_04_10_12_45_15_436.jpg,-0.4,-0.7165195941925049,-0.31651959419250486,0.31651959419250486,0
491,jungle_test_contiguous,complete_dataset/self_driving_car_dataset_jungle/IMG/center_2022_04_10_12_45_15_504.jpg,-0.5500001,-0.7537521123886108,-0.20375201238861085,0.20375201238861085,0
492,jungle_test_contiguous,complete_dataset/self_driving_car_dataset_jungle/IMG/center_2022_04_10_12_45_15_576.jpg,-0.7,-0.7606069445610046,-0.06060694456100468,0.06060694456100468,0
493,jungle_test_contiguous,complete_dataset/self_driving_car_dataset_jungle/IMG/center_2022_04_10_12_45_15_649.jpg,-0.9000002,-0.7679555416107178,0.13204465838928225,0.13204465838928225,0
494,jungle_test_contiguous,complete_dataset/self_driving_car_dataset_jungle/IMG/center_2022_04_10_12_45_15_716.jpg,-1.0,-0.6929264664649963,0.30707353353500366,0.30707353353500366,0
495,jungle_test_contiguous,complete_dataset/self_driving_car_dataset_jungle/IMG/center_2022_04_10_12_45_15_786.jpg,-1.0,-0.6167515516281128,0.3832484483718872,0.3832484483718872,0
496,jungle_test_contiguous,complete_dataset/self_driving_car_dataset_jungle/IMG/center_2022_04_10_12_45_15_852.jpg,-1.0,-0.6534947752952576,0.34650522470474243,0.34650522470474243,0
497,jungle_test_contiguous,complete_dataset/self_driving_car_dataset_jungle/IMG/center_2022_04_10_12_45_15_920.jpg,0.0,-0.5571990609169006,-0.5571990609169006,0.5571990609169006,0
498,jungle_test_contiguous,complete_dataset/self_driving_car_dataset_jungle/IMG/center_2022_04_10_12_45_15_992.jpg,0.0,-0.7955818772315979,-0.7955818772315979,0.7955818772315979,0
499,jungle_test_contiguous,complete_dataset/self_driving_car_dataset_jungle/IMG/center_2022_04_10_12_45_16_063.jpg,0.0,-0.818550169467926,-0.818550169467926,0.818550169467926,0
